"cuda_device_name","num_system_gpus","num_keys","gpus","num_cpu_threads","data_type","distribution_type","distribution_parameter","chunk_size","num_thread_blocks","device_memory_in_bytes","device_memory_overhead","local_sort_memory_overhead","num_partitioning_passes_needed","sort_duration_breakdown","total_sort_duration"
"Tesla V100-SXM2-32GB",4,2000000000,"0,1",64,"uint32","uniform",0,1000000000,81381,9079.4021,1079.4021,656.0000,1,"55.5700,{(5.9500),(16.2528)},35.7700,80.4040,0.0000,55.4850,{(6.0050),(16.8397)},35.3700,102.6700,0.0000",217.1930
"Tesla V100-SXM2-32GB",4,2000000000,"0,1",64,"uint32","uniform",0,1000000000,81381,9079.4021,1079.4021,656.0000,1,"55.5720,{(5.9550),(16.2501)},36.2530,80.4240,0.0000,55.5000,{(5.9540),(16.8347)},36.2530,101.0170,0.0000",217.0690
"Tesla V100-SXM2-32GB",4,2000000000,"0,1",64,"uint32","uniform",0,1000000000,81381,9079.4021,1079.4021,656.0000,1,"55.5810,{(5.9490),(16.2616)},36.2910,80.5820,0.0000,55.5130,{(5.9590),(16.6117)},36.2910,101.1140,0.0000",217.6620
"Tesla V100-SXM2-32GB",4,2000000000,"0,1",64,"uint32","uniform",0,1000000000,81381,9079.4021,1079.4021,656.0000,1,"55.5680,{(5.9480),(16.3329)},35.7980,80.4420,0.0000,55.5100,{(6.0300),(16.4547)},35.7980,101.1540,0.0000",216.4950
"Tesla V100-SXM2-32GB",4,2000000000,"0,1",64,"uint32","uniform",0,1000000000,81381,9079.4021,1079.4021,656.0000,1,"55.5970,{(6.0360),(15.8693)},35.7700,80.2780,0.0000,55.4920,{(5.9530),(16.5602)},35.7700,101.3270,0.0000",215.9990
"Tesla V100-SXM2-32GB",4,2000000000,"0,1",64,"float32","uniform",0,1000000000,81381,9079.4021,1079.4021,656.0000,1,"55.6400,{(6.1270),(16.0833)},34.4250,108.8040,0.0000,55.5310,{(6.2310),(17.0540)},34.4250,64.7750,88.2590",268.6240
"Tesla V100-SXM2-32GB",4,2000000000,"0,1",64,"float32","uniform",0,1000000000,81381,9079.4021,1079.4021,656.0000,1,"55.6000,{(6.1330),(16.0824)},34.3940,108.8180,0.0000,55.4940,{(6.1320),(16.0708)},34.3940,62.9580,88.2660",264.9920
"Tesla V100-SXM2-32GB",4,2000000000,"0,1",64,"float32","uniform",0,1000000000,81381,9079.4021,1079.4021,656.0000,1,"55.5880,{(6.1260),(16.0771)},33.9790,108.8660,0.0000,55.4980,{(6.1320),(16.0700)},33.9790,62.8750,88.3730",263.9320
"Tesla V100-SXM2-32GB",4,2000000000,"0,1",64,"float32","uniform",0,1000000000,81381,9079.4021,1079.4021,656.0000,1,"55.5820,{(6.1350),(16.0836)},33.9860,108.7760,0.0000,55.5050,{(6.1370),(16.0872)},33.9860,62.7550,88.3330",263.1150
"Tesla V100-SXM2-32GB",4,2000000000,"0,1",64,"float32","uniform",0,1000000000,81381,9079.4021,1079.4021,656.0000,1,"55.5990,{(6.1320),(16.0870)},34.3990,108.9550,0.0000,55.5070,{(6.2020),(16.7659)},34.3990,63.1290,88.3550",265.9540
"Tesla V100-SXM2-32GB",4,2000000000,"0,2",64,"uint32","uniform",0,1000000000,81381,9079.4021,1079.4021,656.0000,1,"71.0500,{(6.0420),(15.6562)},107.9320,108.9280,0.0000,98.1520,{(6.0210),(16.4598)},107.9320,124.6820,0.0000",354.1540
"Tesla V100-SXM2-32GB",4,2000000000,"0,2",64,"uint32","uniform",0,1000000000,81381,9079.4021,1079.4021,656.0000,1,"71.1670,{(5.9640),(16.3922)},109.5160,107.2370,0.0000,98.2000,{(5.9650),(16.7004)},109.5160,124.6020,0.0000",356.5720
"Tesla V100-SXM2-32GB",4,2000000000,"0,2",64,"uint32","uniform",0,1000000000,81381,9079.4021,1079.4021,656.0000,1,"71.1870,{(5.9600),(15.9310)},109.0310,107.9590,0.0000,98.1890,{(5.9570),(16.6021)},109.0310,124.4310,0.0000",356.3470
"Tesla V100-SXM2-32GB",4,2000000000,"0,2",64,"uint32","uniform",0,1000000000,81381,9079.4021,1079.4021,656.0000,1,"71.0390,{(6.0340),(15.9763)},108.6980,108.3070,0.0000,98.1980,{(5.9720),(16.6851)},108.6980,124.7230,0.0000",355.8880
"Tesla V100-SXM2-32GB",4,2000000000,"0,2",64,"uint32","uniform",0,1000000000,81381,9079.4021,1079.4021,656.0000,1,"71.1870,{(5.9690),(16.0039)},107.9410,107.9590,0.0000,98.2090,{(5.9610),(16.6298)},107.9410,124.7050,0.0000",354.3760
"Tesla V100-SXM2-32GB",4,2000000000,"0,2",64,"float32","uniform",0,1000000000,81381,9079.4021,1079.4021,656.0000,1,"71.0210,{(6.1420),(16.0790)},110.1380,135.9780,0.0000,98.1760,{(6.2220),(17.0639)},110.1380,62.8660,115.8410",412.6210
"Tesla V100-SXM2-32GB",4,2000000000,"0,2",64,"float32","uniform",0,1000000000,81381,9079.4021,1079.4021,656.0000,1,"71.1450,{(6.1350),(16.0924)},109.9250,136.0520,0.0000,98.1880,{(6.1300),(16.1270)},109.9250,63.0430,115.7400",411.4340
"Tesla V100-SXM2-32GB",4,2000000000,"0,2",64,"float32","uniform",0,1000000000,81381,9079.4021,1079.4021,656.0000,1,"71.0070,{(6.2280),(16.4485)},109.9460,136.3930,0.0000,98.1780,{(6.1360),(16.1137)},109.9460,62.9980,115.9390",410.9130
"Tesla V100-SXM2-32GB",4,2000000000,"0,2",64,"float32","uniform",0,1000000000,81381,9079.4021,1079.4021,656.0000,1,"71.0230,{(6.1420),(16.0842)},108.6040,136.0100,0.0000,98.1990,{(6.1340),(16.1034)},108.6040,62.9130,116.0530",409.5890
"Tesla V100-SXM2-32GB",4,2000000000,"0,2",64,"float32","uniform",0,1000000000,81381,9079.4021,1079.4021,656.0000,1,"71.0790,{(6.1450),(16.0710)},109.7770,136.0400,0.0000,98.1890,{(6.1330),(16.0993)},109.7770,62.9360,115.7750",411.1880
"Tesla V100-SXM2-32GB",4,2000000000,"0,1,2,3",64,"uint32","uniform",0,500000000,40691,4922.9422,922.9422,456.0000,1,"40.4420,{(3.0110),(8.0302)},112.1560,129.9380,0.0000,42.1810,{(3.1080),(7.8785)},112.1560,135.2580,0.0000,102.0300,{(3.0010),(8.1879)},112.1560,147.1020,0.0000,105.6140,{(3.0850),(7.8592)},112.1560,148.4090,0.0000",378.0780
"Tesla V100-SXM2-32GB",4,2000000000,"0,1,2,3",64,"uint32","uniform",0,500000000,40691,4922.9422,922.9422,456.0000,1,"40.5530,{(3.0320),(8.1235)},109.1670,126.3380,0.0000,42.3840,{(3.1120),(7.7867)},109.1670,135.4600,0.0000,102.3110,{(3.0530),(8.3272)},109.1670,147.5440,0.0000,105.7420,{(3.0840),(7.7414)},109.1670,148.9350,0.0000",376.1890
"Tesla V100-SXM2-32GB",4,2000000000,"0,1,2,3",64,"uint32","uniform",0,500000000,40691,4922.9422,922.9422,456.0000,1,"40.5240,{(3.0110),(8.0177)},107.9990,129.6130,0.0000,42.2910,{(3.0160),(8.4099)},107.9990,139.1160,0.0000,102.3850,{(3.0060),(8.1519)},107.9990,147.6230,0.0000,105.7840,{(2.9940),(8.3190)},107.9990,148.6940,0.0000",375.3380
"Tesla V100-SXM2-32GB",4,2000000000,"0,1,2,3",64,"uint32","uniform",0,500000000,40691,4922.9422,922.9422,456.0000,1,"40.5360,{(3.0320),(8.1689)},110.2700,127.8660,0.0000,41.8880,{(3.0220),(8.2516)},110.2700,135.3500,0.0000,101.8720,{(3.0920),(7.8140)},110.2700,146.6160,0.0000,105.5670,{(3.0000),(8.2277)},110.2700,148.3310,0.0000",376.3710
"Tesla V100-SXM2-32GB",4,2000000000,"0,1,2,3",64,"uint32","uniform",0,500000000,40691,4922.9422,922.9422,456.0000,1,"40.5610,{(3.0950),(7.5619)},109.0270,133.8940,0.0000,42.0480,{(3.0150),(8.3930)},109.0270,137.4610,0.0000,101.5520,{(3.0030),(8.1603)},109.0270,147.3250,0.0000,105.5360,{(3.0010),(8.3241)},109.0270,148.7230,0.0000",375.5480
"Tesla V100-SXM2-32GB",4,2000000000,"0,1,2,3",64,"float32","uniform",0,500000000,40691,4922.9422,922.9422,456.0000,2,"40.3190,{(3.1090,2.7010),(8.0844,7.2618)},109.5050,135.8960,0.0000,42.1660,{(3.2200,2.7810),(9.3050,7.3002)},109.5050,136.6090,0.0000,101.7110,{(3.0910,2.6980),(8.0822,7.5858)},109.5050,147.0900,0.0000,106.2220,{(3.0960,2.7050),(8.1898,7.3718)},109.5050,148.2870,0.0000",387.2150
"Tesla V100-SXM2-32GB",4,2000000000,"0,1,2,3",64,"float32","uniform",0,500000000,40691,4922.9422,922.9422,456.0000,2,"40.6060,{(3.1050,2.7000),(8.0771,7.3473)},109.1080,138.2850,0.0000,42.1970,{(3.1070,2.7090),(8.0678,7.3153)},109.1080,131.6660,0.0000,102.2740,{(3.0910,2.7010),(8.0897,7.5829)},109.1080,147.4120,0.0000,105.7810,{(3.0850,2.7050),(8.0824,7.3615)},109.1080,148.8020,0.0000",386.0560
"Tesla V100-SXM2-32GB",4,2000000000,"0,1,2,3",64,"float32","uniform",0,500000000,40691,4922.9422,922.9422,456.0000,2,"40.4670,{(3.0990,2.6990),(8.0759,7.2544)},112.1330,132.0080,0.0000,42.5190,{(3.0980,2.7100),(8.0827,7.4064)},112.1330,134.3450,0.0000,102.0560,{(3.0920,2.6970),(8.0804,7.5899)},112.1330,147.1570,0.0000,105.6300,{(3.0860,2.6970),(8.0774,7.3974)},112.1330,148.4790,0.0000",392.2470
"Tesla V100-SXM2-32GB",4,2000000000,"0,1,2,3",64,"float32","uniform",0,500000000,40691,4922.9422,922.9422,456.0000,2,"40.6310,{(3.2300,2.7700),(9.3262,7.2905)},109.8000,135.3270,0.0000,42.1060,{(3.1040,2.7110),(8.0789,7.4605)},109.8000,136.2170,0.0000,102.1400,{(3.0880,2.7060),(8.0867,7.6526)},109.8000,147.5460,0.0000,105.7470,{(3.0880,2.7050),(8.0732,7.3308)},109.8000,149.0470,0.0000",387.7180
"Tesla V100-SXM2-32GB",4,2000000000,"0,1,2,3",64,"float32","uniform",0,500000000,40691,4922.9422,922.9422,456.0000,2,"40.4600,{(3.1080,2.6940),(8.0928,7.3393)},109.8920,134.1040,0.0000,42.3350,{(3.2210,2.7800),(9.2962,7.3345)},109.8920,129.0440,0.0000,102.1230,{(3.0980,2.6990),(8.0928,7.5428)},109.8920,146.9760,0.0000,105.8340,{(3.1960,2.7620),(9.1565,7.1946)},109.8920,148.4830,0.0000",387.7280
"Tesla V100-SXM2-32GB",4,4000000000,"0,1",64,"uint32","uniform",0,2000000000,162761,17892.7346,1892.7346,1056.0000,1,"114.1060,{(11.8690),(32.2240)},69.5920,147.8260,0.0000,114.1730,{(11.8580),(33.5124)},69.5920,199.2890,0.0000",430.5770
"Tesla V100-SXM2-32GB",4,4000000000,"0,1",64,"uint32","uniform",0,2000000000,162761,17892.7346,1892.7346,1056.0000,1,"114.1250,{(11.8550),(32.4970)},70.1140,148.0540,0.0000,114.1620,{(11.8660),(33.4904)},70.1140,199.1890,0.0000",431.0330
"Tesla V100-SXM2-32GB",4,4000000000,"0,1",64,"uint32","uniform",0,2000000000,162761,17892.7346,1892.7346,1056.0000,1,"114.1680,{(11.8610),(32.2644)},69.2110,147.8760,0.0000,114.1200,{(11.8600),(33.5574)},69.2110,199.0800,0.0000",430.0640
"Tesla V100-SXM2-32GB",4,4000000000,"0,1",64,"uint32","uniform",0,2000000000,162761,17892.7346,1892.7346,1056.0000,1,"114.1170,{(11.8650),(32.4067)},69.5900,148.1700,0.0000,114.1390,{(11.8690),(33.4777)},69.5900,200.4830,0.0000",431.7980
"Tesla V100-SXM2-32GB",4,4000000000,"0,1",64,"uint32","uniform",0,2000000000,162761,17892.7346,1892.7346,1056.0000,1,"114.1430,{(11.8740),(32.2806)},70.1180,147.5400,0.0000,114.1820,{(11.8600),(33.6377)},70.1180,199.3570,0.0000",432.0330
"Tesla V100-SXM2-32GB",4,4000000000,"0,1",64,"float32","uniform",0,2000000000,162761,17892.7346,1892.7346,1056.0000,1,"114.1620,{(12.2090),(32.1166)},68.0630,217.8600,0.0000,114.1460,{(12.2090),(32.1083)},68.0630,125.8350,178.0980",532.6990
"Tesla V100-SXM2-32GB",4,4000000000,"0,1",64,"float32","uniform",0,2000000000,162761,17892.7346,1892.7346,1056.0000,1,"114.1690,{(12.2120),(32.1243)},68.4130,217.6980,0.0000,114.1400,{(12.2130),(32.1184)},68.4130,125.9330,177.7160",532.1380
"Tesla V100-SXM2-32GB",4,4000000000,"0,1",64,"float32","uniform",0,2000000000,162761,17892.7346,1892.7346,1056.0000,1,"114.0840,{(12.2100),(32.1329)},68.4280,217.7820,0.0000,114.1180,{(12.2220),(32.1929)},68.4280,125.9920,178.0470",532.6250
"Tesla V100-SXM2-32GB",4,4000000000,"0,1",64,"float32","uniform",0,2000000000,162761,17892.7346,1892.7346,1056.0000,1,"114.1390,{(12.2210),(32.1519)},68.4340,217.6970,0.0000,114.2350,{(12.2100),(32.2003)},68.4340,126.0670,177.7360",532.4390
"Tesla V100-SXM2-32GB",4,4000000000,"0,1",64,"float32","uniform",0,2000000000,162761,17892.7346,1892.7346,1056.0000,1,"114.1250,{(12.2120),(32.1286)},68.7840,217.6920,0.0000,114.1070,{(12.2080),(32.1834)},68.7840,125.9870,178.0430",533.5110
"Tesla V100-SXM2-32GB",4,4000000000,"0,2",64,"uint32","uniform",0,2000000000,162761,17892.7346,1892.7346,1056.0000,1,"142.7600,{(11.8760),(32.2233)},214.6010,216.7940,0.0000,197.7410,{(11.8700),(33.0721)},214.6010,247.3450,0.0000",706.8890
"Tesla V100-SXM2-32GB",4,4000000000,"0,2",64,"uint32","uniform",0,2000000000,162761,17892.7346,1892.7346,1056.0000,1,"143.2190,{(11.8660),(32.4050)},216.8940,216.7570,0.0000,197.5810,{(11.8630),(33.4950)},216.8940,247.6260,0.0000",709.7060
"Tesla V100-SXM2-32GB",4,4000000000,"0,2",64,"uint32","uniform",0,2000000000,162761,17892.7346,1892.7346,1056.0000,1,"142.8180,{(11.8670),(32.2667)},217.7490,214.8440,0.0000,197.7700,{(11.8670),(33.2175)},217.7490,247.2870,0.0000",710.1370
"Tesla V100-SXM2-32GB",4,4000000000,"0,2",64,"uint32","uniform",0,2000000000,162761,17892.7346,1892.7346,1056.0000,1,"142.6020,{(11.8720),(32.3332)},215.5800,214.7380,0.0000,197.7210,{(11.8580),(33.3281)},215.5800,247.8600,0.0000",708.6130
"Tesla V100-SXM2-32GB",4,4000000000,"0,2",64,"uint32","uniform",0,2000000000,162761,17892.7346,1892.7346,1056.0000,1,"142.7900,{(11.8750),(32.2325)},217.3150,216.4810,0.0000,197.6650,{(11.8690),(33.2042)},217.3150,247.8080,0.0000",710.1330
"Tesla V100-SXM2-32GB",4,4000000000,"0,2",64,"float32","uniform",0,2000000000,162761,17892.7346,1892.7346,1056.0000,1,"143.0790,{(12.2190),(32.1361)},221.4870,275.4670,0.0000,198.6030,{(12.2160),(32.1700)},221.4870,126.2560,231.7660",824.8060
"Tesla V100-SXM2-32GB",4,4000000000,"0,2",64,"float32","uniform",0,2000000000,162761,17892.7346,1892.7346,1056.0000,1,"142.6390,{(12.2120),(32.0696)},220.6800,276.8730,0.0000,197.6900,{(12.2240),(32.1772)},220.6800,126.0990,232.1130",823.2710
"Tesla V100-SXM2-32GB",4,4000000000,"0,2",64,"float32","uniform",0,2000000000,162761,17892.7346,1892.7346,1056.0000,1,"142.6620,{(12.2180),(32.1366)},218.3120,276.3680,0.0000,197.6700,{(12.2090),(32.1874)},218.3120,125.8870,231.8980",820.4280
"Tesla V100-SXM2-32GB",4,4000000000,"0,2",64,"float32","uniform",0,2000000000,162761,17892.7346,1892.7346,1056.0000,1,"142.7570,{(12.2150),(32.1315)},221.6550,275.6230,0.0000,197.6860,{(12.2110),(32.1444)},221.6550,125.9570,231.8150",823.7370
"Tesla V100-SXM2-32GB",4,4000000000,"0,2",64,"float32","uniform",0,2000000000,162761,17892.7346,1892.7346,1056.0000,1,"142.8730,{(12.2270),(32.1354)},220.2490,277.6980,0.0000,197.6850,{(12.2050),(32.0655)},220.2490,125.9310,231.9530",822.3560
"Tesla V100-SXM2-32GB",4,4000000000,"0,1,2,3",64,"uint32","uniform",0,1000000000,81381,9579.6078,1579.6078,656.0000,1,"81.1660,{(6.0360),(16.0836)},218.0100,260.8150,0.0000,84.0700,{(5.9850),(16.4506)},218.0100,270.0660,0.0000,205.4650,{(5.9650),(16.3052)},218.0100,296.9450,0.0000,212.2940,{(5.9590),(16.8079)},218.0100,298.0700,0.0000",752.0910
"Tesla V100-SXM2-32GB",4,4000000000,"0,1,2,3",64,"uint32","uniform",0,1000000000,81381,9579.6078,1579.6078,656.0000,1,"81.1000,{(6.0480),(15.7311)},218.4270,263.2630,0.0000,84.0960,{(5.9750),(16.2985)},218.4270,274.3050,0.0000,205.3630,{(6.0430),(16.2140)},218.4270,296.0990,0.0000,211.2150,{(5.9560),(16.6196)},218.4270,297.6480,0.0000",750.7460
"Tesla V100-SXM2-32GB",4,4000000000,"0,1,2,3",64,"uint32","uniform",0,1000000000,81381,9579.6078,1579.6078,656.0000,1,"81.0000,{(5.9910),(16.0105)},218.5590,270.1270,0.0000,83.7620,{(5.9770),(16.4146)},218.5590,279.1930,0.0000,204.8050,{(6.0120),(16.2232)},218.5590,297.9300,0.0000,211.0830,{(5.9550),(16.8161)},218.5590,298.8480,0.0000",752.2050
"Tesla V100-SXM2-32GB",4,4000000000,"0,1,2,3",64,"uint32","uniform",0,1000000000,81381,9579.6078,1579.6078,656.0000,1,"81.1990,{(6.0480),(15.8175)},217.2320,262.4060,0.0000,84.7010,{(6.0440),(16.0173)},217.2320,274.3170,0.0000,205.2250,{(5.9620),(16.2972)},217.2320,296.6170,0.0000,211.3350,{(6.0520),(16.2058)},217.2320,297.5480,0.0000",750.7040
"Tesla V100-SXM2-32GB",4,4000000000,"0,1,2,3",64,"uint32","uniform",0,1000000000,81381,9579.6078,1579.6078,656.0000,1,"81.1950,{(6.0000),(16.0643)},218.4790,266.5190,0.0000,83.9510,{(5.9780),(16.3750)},218.4790,274.0690,0.0000,204.8550,{(5.9900),(16.1864)},218.4790,294.9970,0.0000,211.0860,{(5.9570),(16.8274)},218.4790,297.2140,0.0000",749.8420
"Tesla V100-SXM2-32GB",4,4000000000,"0,1,2,3",64,"float32","uniform",0,1000000000,81381,9579.6078,1579.6078,656.0000,2,"80.8650,{(6.1540,5.3370),(16.1091,14.4666)},217.8290,269.7780,0.0000,84.0020,{(6.3980,5.3830),(18.5383,14.6568)},217.8290,260.8730,0.0000,204.4430,{(6.1810,5.3310),(16.1178,14.6185)},217.8290,296.4600,0.0000,211.1100,{(6.3660,5.3900),(17.9374,14.4333)},217.8290,296.8010,0.0000",772.3850
"Tesla V100-SXM2-32GB",4,4000000000,"0,1,2,3",64,"float32","uniform",0,1000000000,81381,9579.6078,1579.6078,656.0000,2,"81.2750,{(6.1700,5.3470),(16.1183,14.5130)},216.5150,277.2500,0.0000,84.1400,{(6.1470,5.3330),(16.0696,15.0315)},216.5150,265.0040,0.0000,204.6810,{(6.1320,5.3400),(16.1229,14.8470)},216.5150,295.6430,0.0000,211.2650,{(6.1360,5.3420),(16.0881,14.8019)},216.5150,296.2400,0.0000",769.6440
"Tesla V100-SXM2-32GB",4,4000000000,"0,1,2,3",64,"float32","uniform",0,1000000000,81381,9579.6078,1579.6078,656.0000,2,"81.2700,{(6.3980,5.4890),(18.5907,14.4063)},217.9500,267.2770,0.0000,84.3760,{(6.2480,5.3320),(17.0152,15.2288)},217.9500,268.9330,0.0000,205.3770,{(6.2410,5.3880),(17.0680,14.3596)},217.9500,296.8890,0.0000,211.6770,{(6.1420,5.3250),(16.0961,14.8521)},217.9500,296.9270,0.0000",776.0990
"Tesla V100-SXM2-32GB",4,4000000000,"0,1,2,3",64,"float32","uniform",0,1000000000,81381,9579.6078,1579.6078,656.0000,2,"80.8550,{(6.1510,5.3390),(16.0936,14.4963)},217.1300,273.9050,0.0000,83.8820,{(6.1440,5.3290),(16.0721,15.0996)},217.1300,266.5550,0.0000,205.0850,{(6.1450,5.3350),(16.1208,14.6616)},217.1300,295.5750,0.0000,211.3280,{(6.1280,5.3270),(16.0717,14.7148)},217.1300,296.1660,0.0000",772.7960
"Tesla V100-SXM2-32GB",4,4000000000,"0,1,2,3",64,"float32","uniform",0,1000000000,81381,9579.6078,1579.6078,656.0000,2,"80.7920,{(6.1750,5.3390),(16.0809,14.4442)},217.2940,262.8330,0.0000,84.5460,{(6.1830,5.3290),(16.1211,15.2044)},217.2940,266.3920,0.0000,204.7240,{(6.1440,5.3370),(16.1280,14.6401)},217.2940,295.4100,0.0000,212.0330,{(6.1490,5.3280),(16.1915,14.8355)},217.2940,295.8520,0.0000",774.6920
"Tesla V100-SXM2-32GB",4,2000000000,"0,1",64,"uint32","zipf",1,1000000000,81381,9079.4021,1079.4021,656.0000,3,"57.1500,{(6.1370,4.6760,3.2050),(19.6193,14.4511,9.1104)},40.3080,75.6520,0.0000,55.4030,{(6.0600,4.6160,3.1560),(18.3159,13.5061,8.5332)},40.3080,106.6790,0.0000",273.3180
"Tesla V100-SXM2-32GB",4,2000000000,"0,1",64,"uint32","zipf",1,1000000000,81381,9079.4021,1079.4021,656.0000,3,"55.6010,{(6.0470,4.5980,3.1520),(18.3309,13.5180,8.5476)},40.0020,75.2820,0.0000,55.4990,{(6.0470,4.6000,3.1470),(18.3136,13.5190,8.5219)},40.0020,107.1390,0.0000",266.9680
"Tesla V100-SXM2-32GB",4,2000000000,"0,1",64,"uint32","zipf",1,1000000000,81381,9079.4021,1079.4021,656.0000,3,"55.5980,{(6.0370,4.6080,3.1570),(18.3163,13.5205,8.5251)},38.1730,75.2680,0.0000,55.5100,{(6.0510,4.6060,3.1580),(18.2993,13.5051,8.5329)},38.1730,107.4800,0.0000",269.2730
"Tesla V100-SXM2-32GB",4,2000000000,"0,1",64,"uint32","zipf",1,1000000000,81381,9079.4021,1079.4021,656.0000,3,"55.6000,{(6.1330,4.6670,3.1480),(19.5956,14.0752,8.5815)},40.0710,75.1680,0.0000,55.4850,{(6.0500,4.6020,3.1460),(18.3191,13.5402,8.5406)},40.0710,106.4890,0.0000",266.9890
"Tesla V100-SXM2-32GB",4,2000000000,"0,1",64,"uint32","zipf",1,1000000000,81381,9079.4021,1079.4021,656.0000,3,"55.6010,{(6.0510,4.6120,3.1550),(18.3248,13.5178,8.5465)},40.0320,75.1970,0.0000,55.5110,{(6.0540,4.6060,3.1580),(18.3146,13.5077,8.5401)},40.0320,106.6660,0.0000",271.8390
"Tesla V100-SXM2-32GB",4,2000000000,"0,1",64,"float32","zipf",1,1000000000,81381,9079.4021,1079.4021,656.0000,1,"55.5850,{(5.9750),(13.6042)},34.7970,75.6530,0.0000,55.4990,{(5.9770),(13.7471)},34.7970,103.1670,0.0000",214.7900
"Tesla V100-SXM2-32GB",4,2000000000,"0,1",64,"float32","zipf",1,1000000000,81381,9079.4021,1079.4021,656.0000,1,"59.8530,{(6.0540),(13.6525)},34.3620,76.2380,0.0000,55.2590,{(5.9800),(13.7844)},34.3620,103.0210,0.0000",217.1700
"Tesla V100-SXM2-32GB",4,2000000000,"0,1",64,"float32","zipf",1,1000000000,81381,9079.4021,1079.4021,656.0000,1,"55.5700,{(5.9690),(13.6523)},34.8120,75.6100,0.0000,55.4740,{(5.9760),(13.7680)},34.8120,103.0820,0.0000",214.7140
"Tesla V100-SXM2-32GB",4,2000000000,"0,1",64,"float32","zipf",1,1000000000,81381,9079.4021,1079.4021,656.0000,1,"55.5780,{(5.9840),(13.6113)},34.7960,75.5050,0.0000,55.5000,{(5.9750),(13.8306)},34.7960,102.1750,0.0000",213.7950
"Tesla V100-SXM2-32GB",4,2000000000,"0,1",64,"float32","zipf",1,1000000000,81381,9079.4021,1079.4021,656.0000,1,"55.5980,{(5.9670),(13.6356)},34.8010,75.3810,0.0000,55.4870,{(5.9720),(13.7811)},34.8010,102.6510,0.0000",214.2560
"Tesla V100-SXM2-32GB",4,2000000000,"0,2",64,"uint32","zipf",1,1000000000,81381,9079.4021,1079.4021,656.0000,3,"71.1980,{(6.0670,4.6050,3.1510),(18.3243,13.5159,8.5454)},109.5080,115.3450,0.0000,98.2120,{(6.0870,4.6290,3.1670),(18.8027,13.8629,8.7501)},109.5080,131.8610,0.0000",406.3290
"Tesla V100-SXM2-32GB",4,2000000000,"0,2",64,"uint32","zipf",1,1000000000,81381,9079.4021,1079.4021,656.0000,3,"71.0340,{(6.0560,4.6110,3.1580),(18.3108,13.5285,8.5365)},110.0320,118.0970,0.0000,98.1540,{(6.1120,4.6560,3.1930),(19.1898,14.1527,8.9334)},110.0320,131.6510,0.0000",411.5850
"Tesla V100-SXM2-32GB",4,2000000000,"0,2",64,"uint32","zipf",1,1000000000,81381,9079.4021,1079.4021,656.0000,3,"71.0120,{(6.0730,4.6110,3.1630),(18.3817,13.5677,8.5713)},110.1930,117.7840,0.0000,98.2360,{(6.0540,4.6140,3.1570),(18.3695,13.5547,8.5586)},110.1930,132.0520,0.0000",409.5410
"Tesla V100-SXM2-32GB",4,2000000000,"0,2",64,"uint32","zipf",1,1000000000,81381,9079.4021,1079.4021,656.0000,3,"71.2200,{(6.0610,4.6070,3.1550),(18.3113,13.5286,8.5379)},109.6310,117.7910,0.0000,98.2320,{(6.0490,4.6100,3.1610),(18.3040,13.5127,8.5289)},109.6310,131.8010,0.0000",407.1260
"Tesla V100-SXM2-32GB",4,2000000000,"0,2",64,"uint32","zipf",1,1000000000,81381,9079.4021,1079.4021,656.0000,3,"71.0750,{(6.0590,4.6080,3.1550),(18.3108,13.5130,8.5503)},109.7780,117.4730,0.0000,98.2290,{(6.0460,4.6080,3.1530),(18.3020,13.5178,8.5484)},109.7780,132.1210,0.0000",409.0070
"Tesla V100-SXM2-32GB",4,2000000000,"0,2",64,"float32","zipf",1,1000000000,81381,9079.4021,1079.4021,656.0000,1,"70.8790,{(6.0630),(13.6516)},108.5120,116.3690,0.0000,98.1900,{(5.9730),(13.7697)},108.5120,124.8710,0.0000",353.6000
"Tesla V100-SXM2-32GB",4,2000000000,"0,2",64,"float32","zipf",1,1000000000,81381,9079.4021,1079.4021,656.0000,1,"71.1550,{(5.9820),(13.5588)},108.7510,115.9670,0.0000,98.1470,{(5.9770),(13.7646)},108.7510,125.5150,0.0000",354.4540
"Tesla V100-SXM2-32GB",4,2000000000,"0,2",64,"float32","zipf",1,1000000000,81381,9079.4021,1079.4021,656.0000,1,"71.1620,{(5.9840),(13.6252)},108.2870,117.1680,0.0000,98.2380,{(5.9760),(13.7677)},108.2870,125.5400,0.0000",352.7540
"Tesla V100-SXM2-32GB",4,2000000000,"0,2",64,"float32","zipf",1,1000000000,81381,9079.4021,1079.4021,656.0000,1,"71.0680,{(6.0560),(13.6312)},108.5730,117.4760,0.0000,98.1680,{(5.9800),(13.7830)},108.5730,125.2590,0.0000",353.9710
"Tesla V100-SXM2-32GB",4,2000000000,"0,2",64,"float32","zipf",1,1000000000,81381,9079.4021,1079.4021,656.0000,1,"71.2010,{(5.9770),(13.5967)},108.8020,117.2130,0.0000,98.2050,{(5.9740),(13.7902)},108.8020,125.3210,0.0000",354.3550
"Tesla V100-SXM2-32GB",4,2000000000,"0,1,2,3",64,"uint32","zipf",1,500000000,40691,4922.9422,922.9422,456.0000,4,"40.4940,{(3.1880,2.4110,1.6560,0.8730),(10.7577,7.9284,4.9938,2.1751)},113.2430,0.0710,123.8640,42.1850,{(3.1730,2.4040,1.6560,0.8720),(10.7265,7.8984,4.9828,2.1618)},113.2430,136.4580,0.0000,101.8490,{(3.0510,2.3270,1.5950,0.8520),(9.2232,6.8168,4.3294,1.9743)},113.2430,149.8830,0.0000,105.6320,{(3.0960,2.3590,1.6230,0.8600),(9.9072,7.2991,4.6119,2.0480)},113.2430,150.2910,0.0000",410.7960
"Tesla V100-SXM2-32GB",4,2000000000,"0,1,2,3",64,"uint32","zipf",1,500000000,40691,4922.9422,922.9422,456.0000,4,"40.4390,{(3.0620,2.3130,1.5870,0.8400),(9.1881,6.7895,4.3028,1.9685)},110.8000,0.0290,118.3610,42.1940,{(3.1640,2.4040,1.6520,0.8710),(10.7320,7.9127,4.9700,2.1642)},110.8000,128.1730,0.0000,102.1740,{(3.0960,2.3530,1.6180,0.8550),(9.8406,7.2632,4.5813,2.0275)},110.8000,149.6140,0.0000,105.6790,{(3.1500,2.4020,1.6540,0.8740),(10.7172,7.9062,4.9777,2.1617)},110.8000,149.8600,0.0000",409.4160
"Tesla V100-SXM2-32GB",4,2000000000,"0,1,2,3",64,"uint32","zipf",1,500000000,40691,4922.9422,922.9422,456.0000,4,"40.5920,{(3.0610,2.3190,1.5880,0.8440),(9.2023,6.7996,4.2934,1.9868)},108.9890,0.0290,117.3630,42.1730,{(3.0680,2.3190,1.5930,0.8430),(9.2031,6.7988,4.3060,1.9853)},108.9890,127.5570,0.0000,101.9840,{(3.0480,2.3170,1.5930,0.8510),(9.1648,6.7809,4.2988,1.9907)},108.9890,149.2130,0.0000,105.5730,{(3.0430,2.3200,1.5920,0.8450),(9.1937,6.7993,4.2926,1.9948)},108.9890,148.7050,0.0000",404.0260
"Tesla V100-SXM2-32GB",4,2000000000,"0,1,2,3",64,"uint32","zipf",1,500000000,40691,4922.9422,922.9422,456.0000,4,"40.7150,{(3.0620,2.3180,1.5900,0.8430),(9.1896,6.7863,4.3026,1.9663)},107.1630,0.0290,122.2520,42.5810,{(3.0610,2.3150,1.5890,0.8430),(9.1896,6.7876,4.2900,1.9809)},107.1630,133.3470,0.0000,102.4930,{(3.0860,2.3150,1.5870,0.8420),(9.1884,6.7840,4.3027,1.9804)},107.1630,149.9000,0.0000,105.8890,{(3.0470,2.3210,1.5900,0.8450),(9.1986,6.7901,4.2977,1.9855)},107.1630,150.5650,0.0000",403.5910
"Tesla V100-SXM2-32GB",4,2000000000,"0,1,2,3",64,"uint32","zipf",1,500000000,40691,4922.9422,922.9422,456.0000,4,"40.5680,{(3.1780,2.4050,1.6500,0.8700),(10.7651,7.9196,4.9872,2.1615)},109.2790,0.0300,121.8620,42.0310,{(3.0640,2.3160,1.5920,0.8440),(9.1882,6.7892,4.2876,2.0004)},109.2790,135.0040,0.0000,102.3210,{(3.0530,2.3190,1.5880,0.8430),(9.1874,6.7779,4.2875,1.9876)},109.2790,150.5150,0.0000,105.7550,{(3.0460,2.3200,1.5880,0.8450),(9.2046,6.7973,4.2977,1.9876)},109.2790,150.9990,0.0000",407.3700
"Tesla V100-SXM2-32GB",4,2000000000,"0,1,2,3",64,"float32","zipf",1,500000000,40691,4922.9422,922.9422,456.0000,2,"40.5280,{(3.0340,0.2710),(6.8326,2.8332)},111.3340,141.2550,0.0000,42.6180,{(3.1040,0.2870),(7.1589,2.8294)},111.3340,139.7440,0.0000,102.7790,{(3.1050,0.2880),(7.1772,2.8549)},111.3340,145.5350,0.0000,106.4010,{(3.0580,0.2750),(6.9007,2.8334)},111.3340,147.1060,0.0000",381.6600
"Tesla V100-SXM2-32GB",4,2000000000,"0,1,2,3",64,"float32","zipf",1,500000000,40691,4922.9422,922.9422,456.0000,2,"40.5960,{(3.1220,0.2890),(7.1706,2.8497)},110.9520,143.2450,0.0000,42.1480,{(3.0250,0.2680),(6.9647,2.8261)},110.9520,144.1310,0.0000,102.5310,{(3.0540,0.2720),(6.9006,2.8434)},110.9520,145.6560,0.0000,105.7380,{(3.0090,0.2700),(6.9059,2.8262)},110.9520,146.8520,0.0000",382.8590
"Tesla V100-SXM2-32GB",4,2000000000,"0,1,2,3",64,"float32","zipf",1,500000000,40691,4922.9422,922.9422,456.0000,2,"40.3940,{(3.0220,0.2750),(6.8701,2.8294)},111.2440,141.2840,0.0000,42.2630,{(3.1110,0.2900),(7.1588,2.8383)},111.2440,140.4350,0.0000,102.3780,{(3.0450,0.2770),(6.8822,2.8457)},111.2440,145.9390,0.0000,105.7380,{(3.0960,0.2850),(7.1567,2.8457)},111.2440,147.5320,0.0000",381.6210
"Tesla V100-SXM2-32GB",4,2000000000,"0,1,2,3",64,"float32","zipf",1,500000000,40691,4922.9422,922.9422,456.0000,2,"40.4860,{(3.0330,0.2750),(6.8687,2.8389)},110.6490,138.5020,0.0000,42.1820,{(3.0250,0.2750),(6.9332,2.8340)},110.6490,136.3710,0.0000,102.1980,{(3.0120,0.2690),(6.9130,2.8467)},110.6490,145.2590,0.0000,105.7490,{(3.0050,0.2680),(6.9100,2.8232)},110.6490,147.2290,0.0000",381.7750
"Tesla V100-SXM2-32GB",4,2000000000,"0,1,2,3",64,"float32","zipf",1,500000000,40691,4922.9422,922.9422,456.0000,2,"40.4550,{(3.1110,0.2850),(7.2015,2.8506)},110.2880,137.9740,0.0000,41.7540,{(3.0240,0.2690),(6.9270,2.8120)},110.2880,140.0120,0.0000,102.3060,{(3.0070,0.2720),(6.8886,2.8303)},110.2880,145.9890,0.0000,105.6720,{(3.0080,0.2730),(6.9243,2.8355)},110.2880,146.9710,0.0000",383.3220
"Tesla V100-SXM2-32GB",4,4000000000,"0,1",64,"uint32","zipf",1,2000000000,162761,17892.7346,1892.7346,1056.0000,3,"114.1230,{(12.0480,9.1540,6.2450),(36.5822,26.9822,17.0533)},74.7800,149.2330,0.0000,114.2050,{(12.0560,9.1620,6.2470),(36.5569,26.9707,17.0328)},74.7800,210.3470,0.0000",528.5700
"Tesla V100-SXM2-32GB",4,4000000000,"0,1",64,"uint32","zipf",1,2000000000,162761,17892.7346,1892.7346,1056.0000,3,"114.1530,{(12.0500,9.1550,6.2490),(36.6115,26.9850,17.0542)},72.2700,149.7690,0.0000,114.1970,{(12.0470,9.1600,6.2410),(36.5677,26.9657,17.0099)},72.2700,211.9190,0.0000",525.5710
"Tesla V100-SXM2-32GB",4,4000000000,"0,1",64,"uint32","zipf",1,2000000000,162761,17892.7346,1892.7346,1056.0000,3,"114.1220,{(12.0500,9.1610,6.2360),(36.5983,26.9805,17.0311)},73.1180,149.1400,0.0000,114.1670,{(12.0500,9.1570,6.2420),(36.5953,27.0012,17.0162)},73.1180,210.9020,0.0000",524.7450
"Tesla V100-SXM2-32GB",4,4000000000,"0,1",64,"uint32","zipf",1,2000000000,162761,17892.7346,1892.7346,1056.0000,3,"114.0890,{(12.0590,9.1570,6.2490),(36.6109,26.9878,17.0518)},72.3110,149.5860,0.0000,114.1860,{(12.0530,9.1700,6.2390),(36.5824,26.9802,17.0292)},72.3110,210.1440,0.0000",521.2730
"Tesla V100-SXM2-32GB",4,4000000000,"0,1",64,"uint32","zipf",1,2000000000,162761,17892.7346,1892.7346,1056.0000,3,"114.1700,{(12.0520,9.1590,6.2460),(36.6060,26.9812,17.0334)},72.4670,149.2880,0.0000,114.2250,{(12.0470,9.1600,6.2490),(36.5973,26.9727,17.0450)},72.4670,211.5550,0.0000",527.5350
"Tesla V100-SXM2-32GB",4,4000000000,"0,1",64,"float32","zipf",1,2000000000,162761,17892.7346,1892.7346,1056.0000,1,"114.1260,{(11.8990),(27.2456)},68.2600,148.7210,0.0000,114.1010,{(11.8950),(27.5626)},68.2600,200.8510,0.0000",425.0050
"Tesla V100-SXM2-32GB",4,4000000000,"0,1",64,"float32","zipf",1,2000000000,162761,17892.7346,1892.7346,1056.0000,1,"114.1650,{(11.8980),(27.2486)},68.7090,148.8410,0.0000,114.1660,{(11.9030),(27.4848)},68.7090,199.6070,0.0000",424.1110
"Tesla V100-SXM2-32GB",4,4000000000,"0,1",64,"float32","zipf",1,2000000000,162761,17892.7346,1892.7346,1056.0000,1,"114.1430,{(11.8930),(27.2408)},68.1820,148.6820,0.0000,114.1560,{(11.9080),(27.5391)},68.1820,199.4640,0.0000",422.9520
"Tesla V100-SXM2-32GB",4,4000000000,"0,1",64,"float32","zipf",1,2000000000,162761,17892.7346,1892.7346,1056.0000,1,"114.1280,{(11.9010),(27.2369)},68.7030,148.9190,0.0000,114.1640,{(11.9060),(27.5633)},68.7030,199.3400,0.0000",423.9020
"Tesla V100-SXM2-32GB",4,4000000000,"0,1",64,"float32","zipf",1,2000000000,162761,17892.7346,1892.7346,1056.0000,1,"114.1700,{(11.8960),(27.2574)},68.6810,148.8180,0.0000,114.1380,{(11.9030),(27.5403)},68.6810,199.4660,0.0000",423.2890
"Tesla V100-SXM2-32GB",4,4000000000,"0,2",64,"uint32","zipf",1,2000000000,162761,17892.7346,1892.7346,1056.0000,3,"142.8920,{(12.0530,9.1560,6.2400),(36.5626,26.9876,17.0419)},217.8380,239.4470,0.0000,197.7020,{(12.0550,9.1710,6.2460),(36.7002,27.0449,17.0844)},217.8380,262.4760,0.0000",808.4700
"Tesla V100-SXM2-32GB",4,4000000000,"0,2",64,"uint32","zipf",1,2000000000,162761,17892.7346,1892.7346,1056.0000,3,"142.7920,{(12.0510,9.1630,6.2410),(36.5915,26.9878,17.0436)},219.3070,242.4340,0.0000,197.7360,{(12.0470,9.1640,6.2360),(36.5701,26.9568,17.0168)},219.3070,262.0600,0.0000",809.2260
"Tesla V100-SXM2-32GB",4,4000000000,"0,2",64,"uint32","zipf",1,2000000000,162761,17892.7346,1892.7346,1056.0000,3,"142.7640,{(12.0510,9.1650,6.2500),(36.5742,26.9655,17.0564)},217.0830,244.7360,0.0000,197.8360,{(12.0510,9.1580,6.2390),(36.5343,26.9486,17.0230)},217.0830,262.6370,0.0000",806.9640
"Tesla V100-SXM2-32GB",4,4000000000,"0,2",64,"uint32","zipf",1,2000000000,162761,17892.7346,1892.7346,1056.0000,3,"142.6410,{(12.0610,9.1690,6.2420),(36.5988,27.0034,17.0704)},216.5640,242.5940,0.0000,197.7230,{(12.0590,9.1670,6.2570),(36.6715,27.0449,17.0732)},216.5640,262.5630,0.0000",805.7690
"Tesla V100-SXM2-32GB",4,4000000000,"0,2",64,"uint32","zipf",1,2000000000,162761,17892.7346,1892.7346,1056.0000,3,"142.5880,{(12.0540,9.1580,6.2510),(36.5767,26.9885,17.0609)},218.6680,244.8990,0.0000,197.8040,{(12.0580,9.1720,6.2470),(36.6746,27.0459,17.0875)},218.6680,262.4530,0.0000",809.3080
"Tesla V100-SXM2-32GB",4,4000000000,"0,2",64,"float32","zipf",1,2000000000,162761,17892.7346,1892.7346,1056.0000,1,"142.7050,{(11.9170),(27.2279)},214.7100,230.7760,0.0000,197.7680,{(11.8990),(27.4360)},214.7100,248.4680,0.0000",702.5400
"Tesla V100-SXM2-32GB",4,4000000000,"0,2",64,"float32","zipf",1,2000000000,162761,17892.7346,1892.7346,1056.0000,1,"142.8530,{(11.9120),(27.2237)},215.0720,228.7900,0.0000,197.6780,{(11.9030),(27.4237)},215.0720,248.7430,0.0000",703.1150
"Tesla V100-SXM2-32GB",4,4000000000,"0,2",64,"float32","zipf",1,2000000000,162761,17892.7346,1892.7346,1056.0000,1,"142.8740,{(11.9090),(27.1979)},216.4970,229.6880,0.0000,197.7390,{(11.9020),(27.5548)},216.4970,249.1310,0.0000",705.0920
"Tesla V100-SXM2-32GB",4,4000000000,"0,2",64,"float32","zipf",1,2000000000,162761,17892.7346,1892.7346,1056.0000,1,"142.7120,{(11.9200),(27.1690)},216.6410,227.7450,0.0000,197.7300,{(11.9000),(27.4104)},216.6410,249.1190,0.0000",705.0930
"Tesla V100-SXM2-32GB",4,4000000000,"0,2",64,"float32","zipf",1,2000000000,162761,17892.7346,1892.7346,1056.0000,1,"142.6490,{(11.9080),(27.1873)},214.7500,232.7880,0.0000,198.4780,{(11.8990),(27.5282)},214.7500,249.2320,0.0000",704.1590
"Tesla V100-SXM2-32GB",4,4000000000,"0,1,2,3",64,"uint32","zipf",1,1000000000,81381,9579.6078,1579.6078,656.0000,4,"81.4450,{(6.2910,4.7710,3.2780,1.6930),(21.4272,15.7815,9.9175,4.2751)},216.0500,0.0300,243.3300,84.4330,{(6.0730,4.6090,3.1570,1.6420),(18.3199,13.5299,8.5516,3.9374)},216.0500,267.8370,0.0000,204.9070,{(6.0530,4.6120,3.1590,1.6470),(18.3757,13.5496,8.5668,3.9137)},216.0500,297.9780,0.0000,211.3990,{(6.0500,4.6080,3.1610,1.6410),(18.3265,13.5178,8.5451,3.8912)},216.0500,297.0640,0.0000",809.2100
"Tesla V100-SXM2-32GB",4,4000000000,"0,1,2,3",64,"uint32","zipf",1,1000000000,81381,9579.6078,1579.6078,656.0000,4,"80.8250,{(6.2860,4.6740,3.2010,1.6610),(21.4435,14.4454,9.1131,4.0037)},215.5690,0.0320,242.8260,83.9620,{(6.2820,4.6740,3.2080,1.6630),(20.6882,14.4234,9.0940,3.9962)},215.5690,260.4280,0.0000,204.2310,{(6.0600,4.6080,3.1550,1.6470),(18.3809,13.5629,8.5668,3.9260)},215.5690,297.4300,0.0000,211.1130,{(6.0640,4.6110,3.1570,1.6400),(18.4709,13.5444,8.5484,3.9281)},215.5690,296.4800,0.0000",808.7160
"Tesla V100-SXM2-32GB",4,4000000000,"0,1,2,3",64,"uint32","zipf",1,1000000000,81381,9579.6078,1579.6078,656.0000,4,"81.3440,{(6.1280,4.6040,3.1550,1.6420),(18.3153,13.5236,8.5461,3.8898)},215.5160,0.0290,236.9510,84.4950,{(6.0690,4.6060,3.1550,1.6450),(18.3059,13.5211,8.5503,3.9208)},215.5160,269.7770,0.0000,204.8560,{(6.0640,4.6130,3.1570,1.6430),(18.3726,13.5690,8.5617,3.9096)},215.5160,298.3870,0.0000,211.2780,{(6.0590,4.6090,3.1520,1.6440),(18.3449,13.5352,8.5554,3.9035)},215.5160,296.9150,0.0000",815.4910
"Tesla V100-SXM2-32GB",4,4000000000,"0,1,2,3",64,"uint32","zipf",1,1000000000,81381,9579.6078,1579.6078,656.0000,4,"81.0450,{(6.2940,4.6750,3.2030,1.6630),(21.4169,14.4504,9.1235,3.9991)},215.3440,0.0300,235.8570,84.2820,{(6.1730,4.6110,3.1600,1.6470),(19.5588,13.5305,8.5336,3.9235)},215.3440,268.1490,0.0000,205.2050,{(6.0600,4.6090,3.1520,1.6380),(18.3706,13.5608,8.5658,3.9248)},215.3440,295.6450,0.0000,211.4560,{(6.1180,4.6540,3.1930,1.6590),(19.2266,14.1189,8.9119,3.9578)},215.3440,295.0670,0.0000",804.0910
"Tesla V100-SXM2-32GB",4,4000000000,"0,1,2,3",64,"uint32","zipf",1,1000000000,81381,9579.6078,1579.6078,656.0000,4,"81.1790,{(6.0690,4.6080,3.1490,1.6450),(18.3259,13.5315,8.5481,3.8912)},213.3660,0.0300,240.5970,84.6430,{(6.0570,4.6080,3.1510,1.6460),(18.3187,13.5168,8.5527,3.9128)},213.3660,262.8000,0.0000,205.5600,{(6.0630,4.6040,3.1620,1.6440),(18.3716,13.5526,8.5790,3.9188)},213.3660,296.8030,0.0000,211.4000,{(6.0610,4.6130,3.1460,1.6430),(18.3368,13.5280,8.5555,3.9188)},213.3660,296.2180,0.0000",800.2710
"Tesla V100-SXM2-32GB",4,4000000000,"0,1,2,3",64,"float32","zipf",1,1000000000,81381,9579.6078,1579.6078,656.0000,2,"81.3750,{(6.1870,0.4340),(14.2900,5.6104)},216.4790,269.5310,0.0000,84.2430,{(6.1380,0.4310),(14.1003,5.6517)},216.4790,265.9450,0.0000,205.5070,{(5.9840,0.4270),(13.8140,5.6709)},216.4790,292.2740,0.0000,211.4050,{(5.9930,0.4280),(13.7247,5.6554)},216.4790,294.1180,0.0000",755.1120
"Tesla V100-SXM2-32GB",4,4000000000,"0,1,2,3",64,"float32","zipf",1,1000000000,81381,9579.6078,1579.6078,656.0000,2,"81.2050,{(6.1730,0.4370),(14.2879,5.6293)},217.3320,264.2800,0.0000,84.8770,{(6.0660,0.4290),(13.7977,5.6604)},217.3320,272.4470,0.0000,205.0880,{(5.9840,0.4250),(13.7943,5.6821)},217.3320,292.7430,0.0000,212.1200,{(6.0030,0.4280),(13.7021,5.6615)},217.3320,296.2110,0.0000",761.3830
"Tesla V100-SXM2-32GB",4,4000000000,"0,1,2,3",64,"float32","zipf",1,1000000000,81381,9579.6078,1579.6078,656.0000,2,"81.0020,{(6.1350,0.4290),(13.9373,5.6260)},218.3960,272.3860,0.0000,83.7580,{(6.0190,0.4290),(13.8252,5.6556)},218.3960,274.5280,0.0000,205.0820,{(6.0350,0.4230),(13.8260,5.6760)},218.3960,292.9320,0.0000,211.1590,{(5.9900,0.4260),(13.7156,5.6586)},218.3960,295.8930,0.0000",763.8420
"Tesla V100-SXM2-32GB",4,4000000000,"0,1,2,3",64,"float32","zipf",1,1000000000,81381,9579.6078,1579.6078,656.0000,2,"81.2530,{(6.1830,0.4340),(13.8328,5.6169)},221.0590,265.5100,0.0000,84.1380,{(5.9900,0.4260),(13.8641,5.6666)},221.0590,273.3950,0.0000,205.0090,{(5.9770,0.4250),(13.8004,5.6851)},221.0590,291.8800,0.0000,211.3830,{(5.9770,0.4230),(13.7994,5.6433)},221.0590,294.8240,0.0000",764.0040
"Tesla V100-SXM2-32GB",4,4000000000,"0,1,2,3",64,"float32","zipf",1,1000000000,81381,9579.6078,1579.6078,656.0000,2,"80.9910,{(6.0130,0.4280),(13.7001,5.6205)},218.9180,267.6340,0.0000,84.3460,{(6.0220,0.4270),(13.7156,5.6433)},218.9180,271.0710,0.0000,204.7430,{(5.9840,0.4260),(13.8138,5.6668)},218.9180,291.8680,0.0000,211.2450,{(6.0280,0.4290),(13.6929,5.6544)},218.9180,294.6910,0.0000",761.3620
"Tesla V100-SXM2-32GB",4,1000000000,"0,1",64,"uint64","uniform",0,500000000,81381,9412.8043,1412.8043,656.0000,1,"55.5680,{(5.1540),(14.3076)},35.7030,130.1990,0.0000,55.4780,{(5.1570),(14.6183)},35.7030,136.4120,0.0000",248.9820
"Tesla V100-SXM2-32GB",4,1000000000,"0,1",64,"uint64","uniform",0,500000000,81381,9412.8043,1412.8043,656.0000,1,"55.5980,{(5.1500),(14.4300)},35.2930,130.2580,0.0000,55.5130,{(5.1580),(14.8164)},35.2930,136.2680,0.0000",247.2690
"Tesla V100-SXM2-32GB",4,1000000000,"0,1",64,"uint64","uniform",0,500000000,81381,9412.8043,1412.8043,656.0000,1,"55.5900,{(5.1470),(14.2935)},35.2870,130.9100,0.0000,55.4900,{(5.1530),(14.6792)},35.2870,137.4940,0.0000",248.3630
"Tesla V100-SXM2-32GB",4,1000000000,"0,1",64,"uint64","uniform",0,500000000,81381,9412.8043,1412.8043,656.0000,1,"55.5790,{(5.1530),(14.4936)},35.2870,130.0910,0.0000,55.4730,{(5.1540),(14.7930)},35.2870,135.9720,0.0000",246.9380
"Tesla V100-SXM2-32GB",4,1000000000,"0,1",64,"uint64","uniform",0,500000000,81381,9412.8043,1412.8043,656.0000,1,"55.5620,{(5.1520),(14.3789)},35.2890,130.8000,0.0000,55.4890,{(5.1510),(14.7361)},35.2890,136.7340,0.0000",247.6300
"Tesla V100-SXM2-32GB",4,1000000000,"0,1",64,"float64","uniform",0,500000000,81381,9412.8043,1412.8043,656.0000,2,"55.5830,{(5.1630,5.2800),(13.5372,13.5761)},36.4730,127.7480,0.0000,55.4880,{(5.1580,5.2790),(13.4997,13.8440)},36.4730,131.0760,0.0000",261.4200
"Tesla V100-SXM2-32GB",4,1000000000,"0,1",64,"float64","uniform",0,500000000,81381,9412.8043,1412.8043,656.0000,2,"55.5580,{(5.1530,5.2870),(13.5363,13.5349)},36.6360,127.6780,0.0000,55.4780,{(5.1630,5.2860),(13.9961,13.7499)},36.6360,131.1350,0.0000",261.8930
"Tesla V100-SXM2-32GB",4,1000000000,"0,1",64,"float64","uniform",0,500000000,81381,9412.8043,1412.8043,656.0000,2,"55.5700,{(5.1580,5.2860),(13.5309,13.5957)},36.1910,127.7690,0.0000,55.5150,{(5.1600,5.2870),(13.5387,13.8885)},36.1910,131.1620,0.0000",261.2490
"Tesla V100-SXM2-32GB",4,1000000000,"0,1",64,"float64","uniform",0,500000000,81381,9412.8043,1412.8043,656.0000,2,"55.5710,{(5.1620,5.2900),(13.5364,13.5449)},36.2010,127.4720,0.0000,55.4790,{(5.1620,5.2750),(13.5297,13.9023)},36.2010,130.9370,0.0000",261.0280
"Tesla V100-SXM2-32GB",4,1000000000,"0,1",64,"float64","uniform",0,500000000,81381,9412.8043,1412.8043,656.0000,2,"55.5640,{(5.1610,5.2830),(13.5440,13.5771)},36.3850,128.0360,0.0000,55.4960,{(5.1620,5.2790),(13.5295,13.7825)},36.3850,131.3560,0.0000",261.4800
"Tesla V100-SXM2-32GB",4,1000000000,"0,2",64,"uint64","uniform",0,500000000,81381,9412.8043,1412.8043,656.0000,1,"71.0820,{(5.1630),(14.3495)},109.2360,143.6660,0.0000,98.2160,{(5.1550),(14.4712)},109.2360,147.4930,0.0000",376.1850
"Tesla V100-SXM2-32GB",4,1000000000,"0,2",64,"uint64","uniform",0,500000000,81381,9412.8043,1412.8043,656.0000,1,"71.0440,{(5.1610),(14.3992)},107.8520,145.1700,0.0000,98.1420,{(5.1540),(14.6862)},107.8520,148.2720,0.0000",375.0650
"Tesla V100-SXM2-32GB",4,1000000000,"0,2",64,"uint64","uniform",0,500000000,81381,9412.8043,1412.8043,656.0000,1,"71.2930,{(5.1530),(14.3869)},108.2400,143.9570,0.0000,98.1440,{(5.1570),(14.7200)},108.2400,147.3280,0.0000",375.8040
"Tesla V100-SXM2-32GB",4,1000000000,"0,2",64,"uint64","uniform",0,500000000,81381,9412.8043,1412.8043,656.0000,1,"71.1280,{(5.1570),(14.3986)},107.2760,144.3840,0.0000,98.1260,{(5.1520),(14.8183)},107.2760,147.9590,0.0000",374.2650
"Tesla V100-SXM2-32GB",4,1000000000,"0,2",64,"uint64","uniform",0,500000000,81381,9412.8043,1412.8043,656.0000,1,"71.1800,{(5.1560),(14.3754)},107.6040,143.7090,0.0000,98.1810,{(5.1510),(14.6790)},107.6040,147.2600,0.0000",373.8040
"Tesla V100-SXM2-32GB",4,1000000000,"0,2",64,"float64","uniform",0,500000000,81381,9412.8043,1412.8043,656.0000,2,"70.9750,{(5.1630,5.2930),(13.5116,13.4954)},110.1530,135.7990,0.0000,98.2330,{(5.1590,5.2830),(13.5086,13.8435)},110.1530,138.0480,0.0000",386.0240
"Tesla V100-SXM2-32GB",4,1000000000,"0,2",64,"float64","uniform",0,500000000,81381,9412.8043,1412.8043,656.0000,2,"71.0810,{(5.1710,5.3000),(13.5026,13.6005)},110.0680,135.1480,0.0000,98.2070,{(5.1570,5.2820),(13.5004,13.7841)},110.0680,137.9880,0.0000",385.1690
"Tesla V100-SXM2-32GB",4,1000000000,"0,2",64,"float64","uniform",0,500000000,81381,9412.8043,1412.8043,656.0000,2,"71.6130,{(5.2250,5.2870),(14.0996,13.7085)},110.9290,135.8960,0.0000,98.4660,{(5.2070,5.2790),(13.9622,13.7605)},110.9290,137.5940,0.0000",386.3440
"Tesla V100-SXM2-32GB",4,1000000000,"0,2",64,"float64","uniform",0,500000000,81381,9412.8043,1412.8043,656.0000,2,"71.2190,{(5.1660,5.2890),(13.5438,13.5812)},109.4330,136.0590,0.0000,98.1870,{(5.1730,5.2760),(13.5567,13.8291)},109.4330,138.3120,0.0000",384.2680
"Tesla V100-SXM2-32GB",4,1000000000,"0,2",64,"float64","uniform",0,500000000,81381,9412.8043,1412.8043,656.0000,2,"71.1830,{(5.1680,5.2910),(13.5226,13.5613)},109.8770,135.7700,0.0000,98.2270,{(5.1590,5.2780),(13.5465,13.8117)},109.8770,137.9000,0.0000",384.9570
"Tesla V100-SXM2-32GB",4,1000000000,"0,1,2,3",64,"uint64","uniform",0,250000000,40691,5423.2728,1423.2728,456.0000,1,"40.2670,{(2.6420),(7.2863)},109.6100,139.0590,0.0000,42.1150,{(2.6230),(7.2236)},109.6100,143.0420,0.0000,102.0160,{(2.5940),(7.4732)},109.6100,149.5820,0.0000,105.6520,{(2.6030),(7.3656)},109.6100,150.6980,0.0000",376.2200
"Tesla V100-SXM2-32GB",4,1000000000,"0,1,2,3",64,"uint64","uniform",0,250000000,40691,5423.2728,1423.2728,456.0000,1,"40.3270,{(2.6280),(7.2208)},109.0120,131.5410,0.0000,41.9930,{(2.6120),(7.1281)},109.0120,137.5770,0.0000,101.9760,{(2.6000),(7.5796)},109.0120,148.8180,0.0000,105.5230,{(2.6060),(7.2909)},109.0120,149.3050,0.0000",374.7270
"Tesla V100-SXM2-32GB",4,1000000000,"0,1,2,3",64,"uint64","uniform",0,250000000,40691,5423.2728,1423.2728,456.0000,1,"40.5840,{(2.6410),(7.3446)},109.2640,136.6700,0.0000,42.0400,{(2.6140),(7.3902)},109.2640,141.5680,0.0000,102.2930,{(2.6020),(7.4373)},109.2640,148.3250,0.0000,105.6720,{(2.5950),(7.6103)},109.2640,149.0360,0.0000",375.1280
"Tesla V100-SXM2-32GB",4,1000000000,"0,1,2,3",64,"uint64","uniform",0,250000000,40691,5423.2728,1423.2728,456.0000,1,"40.5130,{(2.6310),(7.2525)},110.0790,130.8120,0.0000,42.1460,{(2.6180),(7.2982)},110.0790,137.0260,0.0000,102.4810,{(2.6070),(7.3861)},110.0790,148.1680,0.0000,105.8460,{(2.6000),(7.4249)},110.0790,148.8200,0.0000",375.7460
"Tesla V100-SXM2-32GB",4,1000000000,"0,1,2,3",64,"uint64","uniform",0,250000000,40691,5423.2728,1423.2728,456.0000,1,"40.6850,{(2.6260),(7.2304)},108.2640,134.9340,0.0000,42.7320,{(2.6210),(7.3693)},108.2640,137.9000,0.0000,101.6490,{(2.6030),(7.4127)},108.2640,149.3060,0.0000,105.6010,{(2.5960),(7.5950)},108.2640,149.9570,0.0000",375.5830
"Tesla V100-SXM2-32GB",4,1000000000,"0,1,2,3",64,"float64","uniform",0,250000000,40691,5423.2728,1423.2728,456.0000,2,"40.5130,{(2.6410,2.6620),(6.7972,6.8822)},111.4270,122.6720,0.0000,42.0340,{(2.6300,2.6500),(6.8253,6.9017)},111.4270,130.9520,0.0000,102.2550,{(2.6130,2.6510),(6.7902,6.9059)},111.4270,158.1570,0.0000,105.7640,{(2.6000,2.6490),(6.7686,6.8087)},111.4270,159.1480,0.0000",398.9290
"Tesla V100-SXM2-32GB",4,1000000000,"0,1,2,3",64,"float64","uniform",0,250000000,40691,5423.2728,1423.2728,456.0000,2,"40.5250,{(2.6260,2.6570),(6.7988,6.8465)},108.6350,122.8810,0.0000,42.2870,{(2.6290,2.6540),(7.6653,6.9476)},108.6350,133.7550,0.0000,102.3000,{(2.6480,2.6520),(6.7645,6.8772)},108.6350,157.1540,0.0000,105.7410,{(2.6050,2.6510),(7.4189,6.8219)},108.6350,158.2590,0.0000",394.1760
"Tesla V100-SXM2-32GB",4,1000000000,"0,1,2,3",64,"float64","uniform",0,250000000,40691,5423.2728,1423.2728,456.0000,2,"40.7610,{(2.6370,2.6590),(7.6987,7.1654)},112.5570,120.6590,0.0000,42.4070,{(2.6210,2.6520),(6.7915,6.9032)},112.5570,126.6200,0.0000,102.4450,{(2.5990,2.6490),(6.7830,6.8536)},112.5570,158.2550,0.0000,105.7870,{(2.5990,2.6520),(6.7994,6.8475)},112.5570,159.2300,0.0000",398.6830
"Tesla V100-SXM2-32GB",4,1000000000,"0,1,2,3",64,"float64","uniform",0,250000000,40691,5423.2728,1423.2728,456.0000,2,"40.5790,{(2.6190,2.6570),(6.7964,6.8818)},109.0740,125.7040,0.0000,42.3140,{(2.6310,2.6520),(6.7918,6.9164)},109.0740,135.4410,0.0000,102.2390,{(2.6140,2.6550),(7.6810,6.7901)},109.0740,158.5330,0.0000,105.6710,{(2.5990,2.6570),(6.7860,6.8945)},109.0740,159.3120,0.0000",398.4960
"Tesla V100-SXM2-32GB",4,1000000000,"0,1,2,3",64,"float64","uniform",0,250000000,40691,5423.2728,1423.2728,456.0000,2,"40.5940,{(2.6300,2.6590),(6.8113,6.8959)},109.1350,121.9120,0.0000,42.1260,{(2.6210,2.6540),(6.7955,6.9283)},109.1350,126.4560,0.0000,102.1320,{(2.6000,2.6530),(6.7903,6.8547)},109.1350,157.0160,0.0000,105.7810,{(2.6040,2.6500),(6.7932,6.8997)},109.1350,157.4160,0.0000",392.5970
"Tesla V100-SXM2-32GB",4,2000000000,"0,1",64,"uint64","uniform",0,1000000000,162761,18559.4692,2559.4692,1056.0000,1,"114.1680,{(10.2490),(29.2538)},68.9890,246.7060,0.0000,114.1410,{(10.2490),(29.9823)},68.9890,255.3220,0.0000",478.9560
"Tesla V100-SXM2-32GB",4,2000000000,"0,1",64,"uint64","uniform",0,1000000000,162761,18559.4692,2559.4692,1056.0000,1,"114.1330,{(10.2570),(28.9521)},69.0320,246.3680,0.0000,114.1450,{(10.2550),(29.7168)},69.0320,255.7980,0.0000",479.1870
"Tesla V100-SXM2-32GB",4,2000000000,"0,1",64,"uint64","uniform",0,1000000000,162761,18559.4692,2559.4692,1056.0000,1,"114.1200,{(10.2460),(29.0950)},69.0990,246.9720,0.0000,114.1000,{(10.2500),(29.9649)},69.0990,255.9600,0.0000",479.6640
"Tesla V100-SXM2-32GB",4,2000000000,"0,1",64,"uint64","uniform",0,1000000000,162761,18559.4692,2559.4692,1056.0000,1,"114.0790,{(10.2560),(28.9588)},70.0060,246.4820,0.0000,114.1680,{(10.2550),(29.7367)},70.0060,256.3000,0.0000",482.7040
"Tesla V100-SXM2-32GB",4,2000000000,"0,1",64,"uint64","uniform",0,1000000000,162761,18559.4692,2559.4692,1056.0000,1,"114.1360,{(10.2550),(29.1451)},70.0410,246.1930,0.0000,114.1350,{(10.2550),(29.9220)},70.0410,254.4710,0.0000",480.3540
"Tesla V100-SXM2-32GB",4,2000000000,"0,1",64,"float64","uniform",0,1000000000,162761,18559.4692,2559.4692,1056.0000,2,"114.0660,{(10.2640,10.4870),(27.0259,27.0927)},69.4950,248.6510,0.0000,114.2110,{(10.2720,10.5020),(27.0124,27.1755)},69.4950,255.1390,0.0000",515.5610
"Tesla V100-SXM2-32GB",4,2000000000,"0,1",64,"float64","uniform",0,1000000000,162761,18559.4692,2559.4692,1056.0000,2,"114.1530,{(10.2650,10.4850),(27.0068,26.9835)},70.6180,248.0140,0.0000,114.1520,{(10.2560,10.5070),(27.0396,27.0802)},70.6180,254.2160,0.0000",515.5750
"Tesla V100-SXM2-32GB",4,2000000000,"0,1",64,"float64","uniform",0,1000000000,162761,18559.4692,2559.4692,1056.0000,2,"114.1330,{(10.2650,10.4870),(27.0403,27.1092)},70.2090,248.5310,0.0000,114.1370,{(10.2650,10.5040),(27.0702,27.2544)},70.2090,254.7950,0.0000",516.6510
"Tesla V100-SXM2-32GB",4,2000000000,"0,1",64,"float64","uniform",0,1000000000,162761,18559.4692,2559.4692,1056.0000,2,"114.1930,{(10.2640,10.4800),(26.9954,27.0282)},70.6100,248.6700,0.0000,114.1700,{(10.2650,10.5060),(27.0559,27.1032)},70.6100,255.1300,0.0000",516.6010
"Tesla V100-SXM2-32GB",4,2000000000,"0,1",64,"float64","uniform",0,1000000000,162761,18559.4692,2559.4692,1056.0000,2,"114.0820,{(10.2700,10.4920),(27.0186,27.0831)},70.2200,249.0980,0.0000,114.1810,{(10.2610,10.5080),(27.0343,27.1516)},70.2200,254.8360,0.0000",516.3790
"Tesla V100-SXM2-32GB",4,2000000000,"0,2",64,"uint64","uniform",0,1000000000,162761,18559.4692,2559.4692,1056.0000,1,"142.9780,{(10.2600),(29.0960)},215.9300,265.0860,0.0000,197.6360,{(10.2470),(29.7257)},215.9300,268.0060,0.0000",723.8380
"Tesla V100-SXM2-32GB",4,2000000000,"0,2",64,"uint64","uniform",0,1000000000,162761,18559.4692,2559.4692,1056.0000,1,"142.7900,{(10.2700),(28.8931)},217.1070,265.1580,0.0000,198.0610,{(10.2540),(29.5977)},217.1070,266.5760,0.0000",723.2000
"Tesla V100-SXM2-32GB",4,2000000000,"0,2",64,"uint64","uniform",0,1000000000,162761,18559.4692,2559.4692,1056.0000,1,"142.8090,{(10.2630),(29.1401)},213.8250,264.6410,0.0000,197.6730,{(10.2560),(29.8148)},213.8250,267.6230,0.0000",721.3990
"Tesla V100-SXM2-32GB",4,2000000000,"0,2",64,"uint64","uniform",0,1000000000,162761,18559.4692,2559.4692,1056.0000,1,"142.8960,{(10.2670),(28.9289)},216.5070,264.7330,0.0000,197.6090,{(10.2550),(29.7329)},216.5070,268.0110,0.0000",724.3950
"Tesla V100-SXM2-32GB",4,2000000000,"0,2",64,"uint64","uniform",0,1000000000,162761,18559.4692,2559.4692,1056.0000,1,"142.8390,{(10.2690),(29.0823)},213.9530,265.5420,0.0000,197.5990,{(10.2520),(29.7144)},213.9530,266.7130,0.0000",720.5150
"Tesla V100-SXM2-32GB",4,2000000000,"0,2",64,"float64","uniform",0,1000000000,162761,18559.4692,2559.4692,1056.0000,2,"142.8000,{(10.2750,10.4900),(27.0046,27.0877)},214.8590,260.2080,0.0000,197.6810,{(10.2660,10.5100),(26.9814,27.1196)},214.8590,272.7520,0.0000",763.9300
"Tesla V100-SXM2-32GB",4,2000000000,"0,2",64,"float64","uniform",0,1000000000,162761,18559.4692,2559.4692,1056.0000,2,"142.8530,{(10.2680,10.5010),(26.9835,27.0084)},217.3570,260.1420,0.0000,197.7020,{(10.2620,10.5140),(26.9916,27.0459)},217.3570,273.4700,0.0000",766.4610
"Tesla V100-SXM2-32GB",4,2000000000,"0,2",64,"float64","uniform",0,1000000000,162761,18559.4692,2559.4692,1056.0000,2,"142.8390,{(10.2790,10.4930),(26.9856,27.1748)},217.7180,258.9980,0.0000,197.6330,{(10.2670,10.5140),(27.0592,27.1882)},217.7180,272.6590,0.0000",768.1180
"Tesla V100-SXM2-32GB",4,2000000000,"0,2",64,"float64","uniform",0,1000000000,162761,18559.4692,2559.4692,1056.0000,2,"143.0080,{(10.2590,10.4970),(26.9794,27.1163)},217.6850,258.7900,0.0000,197.7320,{(10.2610,10.5120),(27.0920,27.0121)},217.6850,273.4390,0.0000",768.9350
"Tesla V100-SXM2-32GB",4,2000000000,"0,2",64,"float64","uniform",0,1000000000,162761,18559.4692,2559.4692,1056.0000,2,"142.8070,{(10.2720,10.4940),(27.0032,27.0560)},216.8460,259.9060,0.0000,197.6490,{(10.2640,10.5100),(27.0653,26.9609)},216.8460,272.6560,0.0000",767.1570
"Tesla V100-SXM2-32GB",4,2000000000,"0,1,2,3",64,"uint64","uniform",0,500000000,81381,10579.9371,2579.9371,656.0000,1,"81.0610,{(5.1930),(14.5340)},216.6210,261.3410,0.0000,84.4430,{(5.1820),(14.5069)},216.6210,268.7630,0.0000,204.8110,{(5.1690),(14.6975)},216.6210,296.9150,0.0000,211.2950,{(5.1600),(14.4948)},216.6210,298.5760,0.0000",747.7890
"Tesla V100-SXM2-32GB",4,2000000000,"0,1,2,3",64,"uint64","uniform",0,500000000,81381,10579.9371,2579.9371,656.0000,1,"80.9610,{(5.1990),(14.5441)},216.9270,254.5590,0.0000,84.5420,{(5.1840),(14.5656)},216.9270,261.7370,0.0000,204.7500,{(5.1590),(14.8890)},216.9270,296.8400,0.0000,211.2810,{(5.1520),(14.7098)},216.9270,298.5980,0.0000",747.6650
"Tesla V100-SXM2-32GB",4,2000000000,"0,1,2,3",64,"uint64","uniform",0,500000000,81381,10579.9371,2579.9371,656.0000,1,"80.8760,{(5.1750),(14.6001)},217.2360,267.3300,0.0000,83.7760,{(5.1690),(14.6764)},217.2360,277.8280,0.0000,205.0010,{(5.1630),(14.8051)},217.2360,297.4020,0.0000,211.2320,{(5.1590),(14.7149)},217.2360,298.7260,0.0000",749.3710
"Tesla V100-SXM2-32GB",4,2000000000,"0,1,2,3",64,"uint64","uniform",0,500000000,81381,10579.9371,2579.9371,656.0000,1,"81.1590,{(5.1820),(14.6424)},216.9170,254.5760,0.0000,84.0340,{(5.1860),(14.8050)},216.9170,263.9740,0.0000,204.9230,{(5.1560),(14.8951)},216.9170,298.1250,0.0000,211.1020,{(5.1510),(14.9719)},216.9170,298.8030,0.0000",749.2980
"Tesla V100-SXM2-32GB",4,2000000000,"0,1,2,3",64,"uint64","uniform",0,500000000,81381,10579.9371,2579.9371,656.0000,1,"80.8830,{(5.1900),(14.5495)},218.5640,257.7020,0.0000,84.0410,{(5.1790),(14.6385)},218.5640,266.9950,0.0000,204.3130,{(5.1610),(14.7026)},218.5640,296.3690,0.0000,211.3530,{(5.1610),(14.5264)},218.5640,297.5160,0.0000",749.4470
"Tesla V100-SXM2-32GB",4,2000000000,"0,1,2,3",64,"float64","uniform",0,500000000,81381,10579.9371,2579.9371,656.0000,2,"80.9060,{(5.1890,5.2770),(14.1084,13.6982)},219.3230,214.3790,0.0000,83.8510,{(5.1860,5.2980),(13.5280,13.7568)},219.3230,245.0580,0.0000,205.4800,{(5.1690,5.2870),(13.5250,13.8660)},219.3230,312.3580,0.0000,211.3930,{(5.1580,5.2810),(13.5444,13.8035)},219.3230,314.2210,0.0000",786.7810
"Tesla V100-SXM2-32GB",4,2000000000,"0,1,2,3",64,"float64","uniform",0,500000000,81381,10579.9371,2579.9371,656.0000,2,"80.9330,{(5.1920,5.2760),(13.5628,13.6413)},221.3980,215.2870,0.0000,84.3230,{(5.1780,5.2920),(13.5418,13.8324)},221.3980,246.9710,0.0000,205.4670,{(5.1730,5.2950),(13.9643,13.9632)},221.3980,310.8720,0.0000,211.3430,{(5.1600,5.2740),(13.5381,13.6008)},221.3980,313.5910,0.0000",789.5060
"Tesla V100-SXM2-32GB",4,2000000000,"0,1,2,3",64,"float64","uniform",0,500000000,81381,10579.9371,2579.9371,656.0000,2,"80.9720,{(5.2070,5.2830),(13.5437,13.6832)},217.5970,223.7900,0.0000,83.7840,{(5.1890,5.2980),(14.1489,13.7252)},217.5970,253.5210,0.0000,204.5880,{(5.1620,5.2910),(13.5483,13.9274)},217.5970,312.4850,0.0000,211.0020,{(5.1680,5.2790),(13.5987,13.7349)},217.5970,314.1240,0.0000",787.9640
"Tesla V100-SXM2-32GB",4,2000000000,"0,1,2,3",64,"float64","uniform",0,500000000,81381,10579.9371,2579.9371,656.0000,2,"81.2320,{(5.2170,5.2870),(15.0223,14.2848)},218.8310,231.1720,0.0000,83.9660,{(5.1870,5.2920),(13.5080,13.7551)},218.8310,255.2570,0.0000,205.3010,{(5.1660,5.2950),(13.5782,13.9479)},218.8310,314.8450,0.0000,211.3360,{(5.1500,5.2770),(13.5629,13.7595)},218.8310,317.4250,0.0000",789.4600
"Tesla V100-SXM2-32GB",4,2000000000,"0,1,2,3",64,"float64","uniform",0,500000000,81381,10579.9371,2579.9371,656.0000,2,"80.9310,{(5.1930,5.2730),(13.5451,13.6674)},218.0190,222.9200,0.0000,83.8790,{(5.1840,5.2900),(13.5229,13.7337)},218.0190,249.9850,0.0000,205.5990,{(5.2140,5.2910),(13.5332,13.8445)},218.0190,312.8620,0.0000,211.4590,{(5.1640,5.2760),(13.5444,13.6682)},218.0190,314.7020,0.0000",787.4390
"Tesla V100-SXM2-32GB",4,1000000000,"0,1",64,"uint64","zipf",1,500000000,81381,9412.8043,1412.8043,656.0000,5,"55.5730,{(5.1710,4.5320,3.8960,3.2760,2.6420),(13.8525,12.1118,10.3921,8.6227,6.9224)},39.4230,104.5430,0.0000,55.5010,{(5.1670,4.5310,3.8990,3.2720,2.6410),(14.1915,12.4204,10.6439,8.8420,7.0932)},39.4230,131.4530,0.0000",313.0840
"Tesla V100-SXM2-32GB",4,1000000000,"0,1",64,"uint64","zipf",1,500000000,81381,9412.8043,1412.8043,656.0000,5,"55.6280,{(5.1610,4.5310,3.8950,3.2670,2.6410),(13.8508,12.1071,10.3840,8.6118,6.9058)},41.8670,104.1060,0.0000,55.5370,{(5.1650,4.5160,3.8940,3.2710,2.6460),(13.8033,12.0877,10.3822,8.5983,6.9004)},41.8670,131.3180,0.0000",316.8970
"Tesla V100-SXM2-32GB",4,1000000000,"0,1",64,"uint64","zipf",1,500000000,81381,9412.8043,1412.8043,656.0000,5,"55.6010,{(5.1640,4.5370,3.8980,3.2700,2.6450),(13.8366,12.1272,10.3958,8.6178,6.9219)},42.7950,103.9910,0.0000,55.4910,{(5.1610,4.5280,3.8970,3.2690,2.6470),(13.8100,12.0904,10.3742,8.6129,6.9041)},42.7950,131.0530,0.0000",325.4590
"Tesla V100-SXM2-32GB",4,1000000000,"0,1",64,"uint64","zipf",1,500000000,81381,9412.8043,1412.8043,656.0000,5,"55.5990,{(5.1590,4.5260,3.8980,3.2750,2.6370),(13.8441,12.1204,10.3978,8.6255,6.9178)},40.3320,104.0760,0.0000,55.5130,{(5.1660,4.5250,3.8970,3.2700,2.6410),(13.8104,12.1078,10.3811,8.6158,6.9182)},40.3320,130.5520,0.0000",314.7680
"Tesla V100-SXM2-32GB",4,1000000000,"0,1",64,"uint64","zipf",1,500000000,81381,9412.8043,1412.8043,656.0000,5,"55.5590,{(5.1680,4.5250,3.9030,3.2700,2.6430),(13.8493,12.1279,10.3843,8.6324,6.9214)},42.7900,104.2130,0.0000,55.4950,{(5.1610,4.5290,3.9020,3.2690,2.6370),(13.7960,12.0822,10.3687,8.6067,6.8946)},42.7900,130.8540,0.0000",316.0530
"Tesla V100-SXM2-32GB",4,1000000000,"0,1",64,"float64","zipf",1,500000000,81381,9412.8043,1412.8043,656.0000,1,"55.5590,{(5.1560),(13.3634)},34.9930,125.6230,0.0000,55.4920,{(5.1530),(13.2359)},34.9930,129.7950,0.0000",240.3740
"Tesla V100-SXM2-32GB",4,1000000000,"0,1",64,"float64","zipf",1,500000000,81381,9412.8043,1412.8043,656.0000,1,"55.5630,{(5.1580),(13.2244)},34.3500,125.5300,0.0000,55.4860,{(5.1510),(13.3025)},34.3500,130.2390,0.0000",238.7640
"Tesla V100-SXM2-32GB",4,1000000000,"0,1",64,"float64","zipf",1,500000000,81381,9412.8043,1412.8043,656.0000,1,"55.5830,{(5.1460),(13.2158)},34.4810,125.5950,0.0000,55.5000,{(5.1540),(13.3707)},34.4810,129.8600,0.0000",239.2690
"Tesla V100-SXM2-32GB",4,1000000000,"0,1",64,"float64","zipf",1,500000000,81381,9412.8043,1412.8043,656.0000,1,"55.6060,{(5.1540),(13.2736)},34.2550,125.5510,0.0000,55.5170,{(5.1520),(13.2871)},34.2550,130.0800,0.0000",238.6170
"Tesla V100-SXM2-32GB",4,1000000000,"0,1",64,"float64","zipf",1,500000000,81381,9412.8043,1412.8043,656.0000,1,"55.5740,{(5.1520),(13.2020)},34.3330,125.4870,0.0000,55.4760,{(5.1510),(13.3244)},34.3330,129.7250,0.0000",238.9100
"Tesla V100-SXM2-32GB",4,1000000000,"0,2",64,"uint64","zipf",1,500000000,81381,9412.8043,1412.8043,656.0000,5,"71.1530,{(5.1770,4.5370,3.8980,3.2700,2.6390),(14.3295,12.1538,10.4309,8.6327,6.9164)},112.9560,135.7550,0.0000,98.1840,{(5.1720,4.5320,3.8980,3.2770,2.6430),(13.8711,12.1242,10.3977,8.6467,6.9233)},112.9560,149.5450,0.0000",446.4590
"Tesla V100-SXM2-32GB",4,1000000000,"0,2",64,"uint64","zipf",1,500000000,81381,9412.8043,1412.8043,656.0000,5,"71.1520,{(5.1760,4.5350,3.9000,3.2740,2.6410),(13.8412,12.1474,10.3936,8.6177,6.9269)},111.9410,136.1000,0.0000,98.1900,{(5.1800,4.5370,3.9090,3.2750,2.6450),(14.6258,12.7877,10.9732,9.1044,7.2407)},111.9410,149.4690,0.0000",459.2520
"Tesla V100-SXM2-32GB",4,1000000000,"0,2",64,"uint64","zipf",1,500000000,81381,9412.8043,1412.8043,656.0000,5,"71.2250,{(5.1850,4.5330,3.8940,3.2690,2.6460),(13.8389,12.1245,10.4041,8.6254,6.9255)},112.9640,135.5030,0.0000,98.1650,{(5.1660,4.5310,3.9010,3.2820,2.6400),(13.8179,12.1068,10.3741,8.6016,6.8915)},112.9640,149.4050,0.0000",448.2000
"Tesla V100-SXM2-32GB",4,1000000000,"0,2",64,"uint64","zipf",1,500000000,81381,9412.8043,1412.8043,656.0000,5,"71.0840,{(5.1700,4.5440,3.8960,3.2700,2.6410),(13.8517,12.1123,10.4064,8.6238,6.9252)},115.3170,136.6230,0.0000,98.1690,{(5.1650,4.5340,3.9010,3.2740,2.6430),(13.8015,12.0996,10.3803,8.6129,6.8874)},115.3170,149.6010,0.0000",456.0340
"Tesla V100-SXM2-32GB",4,1000000000,"0,2",64,"uint64","zipf",1,500000000,81381,9412.8043,1412.8043,656.0000,5,"71.0830,{(5.1770,4.5310,3.9040,3.2720,2.6420),(13.8153,12.1317,10.3927,8.6133,6.9313)},109.7000,135.6450,0.0000,98.1790,{(5.1710,4.5360,3.9060,3.2740,2.6370),(13.8373,12.0934,10.3803,8.6108,6.9028)},109.7000,149.6500,0.0000",452.3260
"Tesla V100-SXM2-32GB",4,1000000000,"0,2",64,"float64","zipf",1,500000000,81381,9412.8043,1412.8043,656.0000,1,"71.1960,{(5.1700),(13.3288)},108.3880,131.0700,0.0000,98.2060,{(5.1540),(13.2844)},108.3880,135.0850,0.0000",361.6830
"Tesla V100-SXM2-32GB",4,1000000000,"0,2",64,"float64","zipf",1,500000000,81381,9412.8043,1412.8043,656.0000,1,"71.1350,{(5.1650),(13.1818)},108.4690,131.8950,0.0000,98.1890,{(5.1480),(13.3212)},108.4690,134.9440,0.0000",362.3250
"Tesla V100-SXM2-32GB",4,1000000000,"0,2",64,"float64","zipf",1,500000000,81381,9412.8043,1412.8043,656.0000,1,"71.2500,{(5.1660),(13.2469)},107.0090,132.1510,0.0000,98.1730,{(5.1540),(13.2362)},107.0090,134.9180,0.0000",359.4330
"Tesla V100-SXM2-32GB",4,1000000000,"0,2",64,"float64","zipf",1,500000000,81381,9412.8043,1412.8043,656.0000,1,"71.3100,{(5.1650),(13.1710)},108.5600,131.9640,0.0000,98.1410,{(5.1530),(13.3396)},108.5600,134.8910,0.0000",362.4280
"Tesla V100-SXM2-32GB",4,1000000000,"0,2",64,"float64","zipf",1,500000000,81381,9412.8043,1412.8043,656.0000,1,"71.1700,{(5.1610),(13.2314)},107.0660,131.7940,0.0000,98.1940,{(5.1570),(13.2239)},107.0660,134.7580,0.0000",359.3260
"Tesla V100-SXM2-32GB",4,1000000000,"0,1,2,3",64,"uint64","zipf",1,250000000,40691,5423.2728,1423.2728,456.0000,7,"40.7110,{(2.6540,2.2930,1.9690,1.6520,1.3390,1.0270,0.7120),(7.9778,6.9872,6.0018,4.9604,3.9971,2.9817,1.9538)},114.6460,130.1280,0.0000,42.1660,{(2.6330,2.2920,1.9740,1.6540,1.3400,1.0250,0.7090),(7.9450,6.9759,5.9820,4.9592,3.9909,2.8169,1.8137)},114.6460,130.7820,0.0000,102.0010,{(2.6110,2.2870,1.9590,1.6500,1.3360,1.0210,0.7070),(6.9580,6.1020,5.2377,4.3489,3.5052,2.6102,1.7469)},114.6460,144.2750,0.0000,106.2680,{(2.6160,2.2830,1.9700,1.6540,1.3350,1.0220,0.7120),(7.9483,6.4768,5.5542,4.6131,3.7140,2.7668,1.8185)},114.6460,151.9960,0.0000",435.2720
"Tesla V100-SXM2-32GB",4,1000000000,"0,1,2,3",64,"uint64","zipf",1,250000000,40691,5423.2728,1423.2728,456.0000,7,"40.4030,{(2.6240,2.2800,1.9650,1.6530,1.3330,1.0230,0.7060),(6.9503,6.0956,5.2213,4.3356,3.4794,2.6155,1.7681)},112.9240,131.7120,0.0000,42.3360,{(2.6350,2.2970,1.9700,1.6570,1.3450,1.0300,0.7180),(7.9660,6.9804,5.9818,4.9537,3.9916,2.9730,1.9515)},112.9240,131.4230,0.0000,102.4200,{(2.6650,2.2930,1.9710,1.6570,1.3440,1.0290,0.7130),(7.9442,6.9857,5.9781,4.9551,3.9803,2.9686,1.9569)},112.9240,144.3530,0.0000,106.0150,{(2.6180,2.2920,1.9770,1.6540,1.3420,1.0280,0.7160),(7.9390,6.9683,5.9801,4.6008,3.7018,2.7720,1.8196)},112.9240,152.3310,0.0000",450.2720
"Tesla V100-SXM2-32GB",4,1000000000,"0,1,2,3",64,"uint64","zipf",1,250000000,40691,5423.2728,1423.2728,456.0000,7,"40.5540,{(2.6630,2.2890,1.9630,1.6520,1.3360,1.0230,0.7120),(6.9622,6.0948,5.2264,4.3338,3.4916,2.6173,1.7529)},122.3160,129.3680,0.0000,41.8570,{(2.6240,2.2930,1.9660,1.6530,1.3410,1.0260,0.7140),(6.9634,6.0898,5.2332,4.3334,3.4906,2.6136,1.7609)},122.3160,129.1870,0.0000,102.0680,{(2.6080,2.2800,1.9640,1.6480,1.3330,1.0210,0.7080),(6.9449,6.0856,5.2316,4.3325,3.4938,2.6092,1.7469)},122.3160,145.8580,0.0000,105.6750,{(2.6010,2.2890,1.9730,1.6590,1.3430,1.0280,0.7160),(6.9294,6.0824,5.1999,4.3336,3.4785,2.6143,1.7510)},122.3160,152.5590,0.0000",441.7250
"Tesla V100-SXM2-32GB",4,1000000000,"0,1,2,3",64,"uint64","zipf",1,250000000,40691,5423.2728,1423.2728,456.0000,7,"40.6170,{(2.6580,2.2890,1.9660,1.6510,1.3380,1.0240,0.7090),(6.9488,6.0892,5.2251,4.3314,3.4856,2.6085,1.7519)},109.7640,130.4920,0.0000,42.0350,{(2.6220,2.2830,1.9590,1.6490,1.3350,1.0200,0.7070),(6.9664,6.0847,5.2326,4.3314,3.4988,2.6044,1.7535)},109.7640,127.5040,0.0000,102.1280,{(2.6030,2.2850,1.9660,1.6530,1.3350,1.0210,0.7110),(6.9478,6.0702,5.2285,4.3295,3.4836,2.6337,1.7562)},109.7640,143.8840,0.0000,105.6180,{(2.6100,2.2760,1.9620,1.6490,1.3330,1.0210,0.7060),(6.9397,6.0652,5.2132,4.3264,3.4714,2.6061,1.7388)},109.7640,151.6890,0.0000",425.2960
"Tesla V100-SXM2-32GB",4,1000000000,"0,1,2,3",64,"uint64","zipf",1,250000000,40691,5423.2728,1423.2728,456.0000,7,"40.5470,{(2.6940,2.2850,1.9610,1.6510,1.3350,1.0250,0.7120),(6.9552,6.0930,5.2219,4.3470,3.4946,2.6161,1.7535)},111.3360,128.9450,0.0000,41.9850,{(2.6290,2.2850,1.9670,1.6500,1.3370,1.0240,0.7110),(6.9585,6.0959,5.2221,4.3401,3.4897,2.6077,1.7596)},111.3360,123.9500,0.0000,102.1780,{(2.6080,2.2780,1.9600,1.6440,1.3360,1.0200,0.7060),(6.9366,6.0713,5.2142,4.3233,3.4765,2.6245,1.7603)},111.3360,146.5790,0.0000,105.6620,{(2.6040,2.2870,1.9650,1.6510,1.3360,1.0210,0.7080),(6.9224,6.0793,5.2019,4.3172,3.4796,2.6040,1.7521)},111.3360,153.2500,0.0000",427.7790
"Tesla V100-SXM2-32GB",4,1000000000,"0,1,2,3",64,"float64","zipf",1,250000000,40691,5423.2728,1423.2728,456.0000,2,"40.7830,{(2.6350,0.1730),(6.8508,1.4871)},111.6820,134.6870,0.0000,42.3080,{(2.6150,0.1650),(6.6685,1.4846)},111.6820,138.3400,0.0000,102.2160,{(2.6000,0.1620),(6.6560,1.4868)},111.6820,148.8010,0.0000,105.7010,{(2.5970,0.1610),(6.6744,1.4908)},111.6820,150.9570,0.0000",386.3120
"Tesla V100-SXM2-32GB",4,1000000000,"0,1,2,3",64,"float64","zipf",1,250000000,40691,5423.2728,1423.2728,456.0000,2,"40.3950,{(2.6190,0.1640),(6.6169,1.4734)},112.7320,130.9250,0.0000,42.6610,{(2.6240,0.1710),(6.6414,1.4934)},112.7320,136.9830,0.0000,102.1550,{(2.6090,0.1710),(6.6775,1.4981)},112.7320,149.7950,0.0000,105.6370,{(2.6020,0.1680),(6.6386,1.4848)},112.7320,151.6600,0.0000",386.1940
"Tesla V100-SXM2-32GB",4,1000000000,"0,1,2,3",64,"float64","zipf",1,250000000,40691,5423.2728,1423.2728,456.0000,2,"40.5820,{(2.6330,0.1650),(6.6776,1.4654)},109.8160,134.6360,0.0000,42.5710,{(2.6190,0.1660),(6.6719,1.4793)},109.8160,137.7240,0.0000,102.3490,{(2.6430,0.1630),(6.6417,1.4848)},109.8160,148.2960,0.0000,105.7140,{(2.6040,0.1630),(6.6703,1.4868)},109.8160,150.7490,0.0000",384.1930
"Tesla V100-SXM2-32GB",4,1000000000,"0,1,2,3",64,"float64","zipf",1,250000000,40691,5423.2728,1423.2728,456.0000,2,"40.6220,{(2.6320,0.1650),(6.6255,1.4761)},110.7240,131.8700,0.0000,42.4590,{(2.6180,0.1630),(6.6650,1.4834)},110.7240,136.6580,0.0000,102.4190,{(2.6040,0.1660),(6.6570,1.4776)},110.7240,148.9860,0.0000,105.7980,{(2.6000,0.1620),(6.6446,1.5020)},110.7240,151.5670,0.0000",386.7360
"Tesla V100-SXM2-32GB",4,1000000000,"0,1,2,3",64,"float64","zipf",1,250000000,40691,5423.2728,1423.2728,456.0000,2,"40.5990,{(2.6210,0.1640),(6.6724,1.4691)},111.4210,135.4970,0.0000,42.0580,{(2.6180,0.1640),(6.6846,1.4790)},111.4210,141.6420,0.0000,102.1800,{(2.6000,0.1670),(6.6611,1.4879)},111.4210,148.1580,0.0000,105.6540,{(2.5940,0.1600),(6.6765,1.4797)},111.4210,150.3720,0.0000",387.0870
"Tesla V100-SXM2-32GB",4,2000000000,"0,1",64,"uint64","zipf",1,1000000000,162761,18559.4692,2559.4692,1056.0000,5,"114.2900,{(10.2820,9.0150,7.7590,6.4800,5.2250),(27.6395,24.1924,20.7377,17.2234,13.8029)},74.6440,209.2760,0.0000,114.2820,{(10.2800,9.0130,7.7600,6.4830,5.2220),(27.6112,24.1791,20.7257,17.2163,13.7923)},74.6440,262.8420,0.0000",627.9400
"Tesla V100-SXM2-32GB",4,2000000000,"0,1",64,"uint64","zipf",1,1000000000,162761,18559.4692,2559.4692,1056.0000,5,"114.0980,{(10.2830,9.0150,7.7500,6.4740,5.2210),(27.6182,24.1583,20.7513,17.2159,13.7975)},74.1630,209.3130,0.0000,114.1320,{(10.2830,9.0170,7.7590,6.4750,5.2270),(27.6158,24.1676,20.7306,17.2084,13.7802)},74.1630,262.3030,0.0000",619.6070
"Tesla V100-SXM2-32GB",4,2000000000,"0,1",64,"uint64","zipf",1,1000000000,162761,18559.4692,2559.4692,1056.0000,5,"114.1320,{(10.2860,9.0210,7.7540,6.4790,5.2250),(27.6297,24.1885,20.7327,17.2083,13.8264)},79.2780,209.4190,0.0000,114.1760,{(10.2830,9.0120,7.7520,6.4800,5.2210),(27.5948,24.1766,20.7161,17.1947,13.7771)},79.2780,262.3280,0.0000",628.0190
"Tesla V100-SXM2-32GB",4,2000000000,"0,1",64,"uint64","zipf",1,1000000000,162761,18559.4692,2559.4692,1056.0000,5,"114.0810,{(10.2780,9.0170,7.7540,6.4820,5.2210),(27.6530,24.1889,20.7461,17.1977,13.8158)},81.5080,209.2910,0.0000,114.1910,{(10.2830,9.0180,7.7640,6.4830,5.2300),(27.6109,24.1524,20.7617,17.1900,13.7933)},81.5080,262.0060,0.0000",635.7180
"Tesla V100-SXM2-32GB",4,2000000000,"0,1",64,"uint64","zipf",1,1000000000,162761,18559.4692,2559.4692,1056.0000,5,"114.1110,{(10.2800,9.0170,7.7500,6.4810,5.2190),(27.6454,24.1844,20.7524,17.2014,13.7891)},74.1900,209.5790,0.0000,114.1540,{(10.2810,9.0120,7.7520,6.4800,5.2270),(27.6191,24.1565,20.7179,17.1618,13.7593)},74.1900,263.3730,0.0000",620.5160
"Tesla V100-SXM2-32GB",4,2000000000,"0,1",64,"float64","zipf",1,1000000000,162761,18559.4692,2559.4692,1056.0000,1,"114.1150,{(10.2500),(26.3228)},68.3330,249.7100,0.0000,114.1740,{(10.2630),(26.6506)},68.3330,257.1020,0.0000",478.6990
"Tesla V100-SXM2-32GB",4,2000000000,"0,1",64,"float64","zipf",1,1000000000,162761,18559.4692,2559.4692,1056.0000,1,"114.1730,{(10.2590),(26.3286)},68.0430,250.0870,0.0000,114.1390,{(10.2580),(26.5031)},68.0430,257.2720,0.0000",477.1050
"Tesla V100-SXM2-32GB",4,2000000000,"0,1",64,"float64","zipf",1,1000000000,162761,18559.4692,2559.4692,1056.0000,1,"114.2050,{(10.2530),(26.3923)},67.9840,249.8220,0.0000,114.2050,{(10.2620),(26.7263)},67.9840,256.1190,0.0000",476.2000
"Tesla V100-SXM2-32GB",4,2000000000,"0,1",64,"float64","zipf",1,1000000000,162761,18559.4692,2559.4692,1056.0000,1,"114.1670,{(10.2520),(26.3143)},68.0340,250.0450,0.0000,114.1740,{(10.2710),(26.4857)},68.0340,256.8390,0.0000",476.0330
"Tesla V100-SXM2-32GB",4,2000000000,"0,1",64,"float64","zipf",1,1000000000,162761,18559.4692,2559.4692,1056.0000,1,"114.1560,{(10.2530),(26.3485)},68.0350,249.9800,0.0000,114.1460,{(10.2650),(26.6973)},68.0350,257.4290,0.0000",476.8000
"Tesla V100-SXM2-32GB",4,2000000000,"0,2",64,"uint64","zipf",1,1000000000,162761,18559.4692,2559.4692,1056.0000,5,"142.7470,{(10.3030,9.0140,7.7550,6.4860,5.2170),(27.5889,24.1671,20.7066,17.1929,13.7950)},219.6870,277.7960,0.0000,197.7300,{(10.2860,9.0090,7.7580,6.4860,5.2240),(27.6879,24.2493,20.7954,17.2349,13.8209)},219.6870,287.8090,0.0000",882.1950
"Tesla V100-SXM2-32GB",4,2000000000,"0,2",64,"uint64","zipf",1,1000000000,162761,18559.4692,2559.4692,1056.0000,5,"142.8990,{(10.2890,9.0160,7.7520,6.4810,5.2240),(27.6771,24.2146,20.7942,17.2318,13.8244)},221.0440,278.8080,0.0000,197.6690,{(10.2880,9.0120,7.7600,6.4770,5.2380),(27.6746,24.2237,20.8046,17.2370,13.8025)},221.0440,288.7550,0.0000",886.7970
"Tesla V100-SXM2-32GB",4,2000000000,"0,2",64,"uint64","zipf",1,1000000000,162761,18559.4692,2559.4692,1056.0000,5,"142.8810,{(10.2950,9.0210,7.7590,6.4900,5.2270),(27.6266,24.1574,20.7512,17.2094,13.7897)},218.3850,278.3880,0.0000,197.6430,{(10.2880,9.0210,7.7580,6.4790,5.2260),(27.7340,24.2196,20.7954,17.2401,13.8404)},218.3850,287.3050,0.0000",883.2320
"Tesla V100-SXM2-32GB",4,2000000000,"0,2",64,"uint64","zipf",1,1000000000,162761,18559.4692,2559.4692,1056.0000,5,"142.8870,{(10.2840,9.0210,7.7560,6.4860,5.2310),(27.5822,24.1900,20.7465,17.1900,13.7688)},217.6700,277.8210,0.0000,197.6360,{(10.2830,9.0160,7.7550,6.4890,5.2390),(27.6767,24.2268,20.7882,17.2175,13.8179)},217.6700,289.0100,0.0000",881.6450
"Tesla V100-SXM2-32GB",4,2000000000,"0,2",64,"uint64","zipf",1,1000000000,162761,18559.4692,2559.4692,1056.0000,5,"142.9800,{(10.2910,9.0190,7.7580,6.4860,5.2290),(27.5860,24.1636,20.7303,17.2024,13.7673)},223.2330,276.1510,0.0000,197.6700,{(10.2840,9.0230,7.7540,6.4780,5.2290),(27.7197,24.2360,20.8005,17.2114,13.8230)},223.2330,288.2810,0.0000",883.7400
"Tesla V100-SXM2-32GB",4,2000000000,"0,2",64,"float64","zipf",1,1000000000,162761,18559.4692,2559.4692,1056.0000,1,"142.8660,{(10.2630),(26.3750)},214.5410,259.4770,0.0000,197.7090,{(10.2580),(26.6199)},214.5410,265.1800,0.0000",716.4650
"Tesla V100-SXM2-32GB",4,2000000000,"0,2",64,"float64","zipf",1,1000000000,162761,18559.4692,2559.4692,1056.0000,1,"142.9340,{(10.2660),(26.3164)},214.4260,258.9560,0.0000,197.7610,{(10.2600),(26.6107)},214.4260,265.0780,0.0000",715.6620
"Tesla V100-SXM2-32GB",4,2000000000,"0,2",64,"float64","zipf",1,1000000000,162761,18559.4692,2559.4692,1056.0000,1,"142.9800,{(10.2600),(26.3236)},214.4680,259.0030,0.0000,197.7010,{(10.2550),(26.5841)},214.4680,265.2630,0.0000",716.5520
"Tesla V100-SXM2-32GB",4,2000000000,"0,2",64,"float64","zipf",1,1000000000,162761,18559.4692,2559.4692,1056.0000,1,"142.8590,{(10.2710),(26.2920)},214.8800,259.6370,0.0000,197.6640,{(10.2570),(26.5769)},214.8800,265.2350,0.0000",716.8800
"Tesla V100-SXM2-32GB",4,2000000000,"0,2",64,"float64","zipf",1,1000000000,162761,18559.4692,2559.4692,1056.0000,1,"142.7090,{(10.2580),(26.2776)},214.4350,258.2290,0.0000,197.7300,{(10.2490),(26.5574)},214.4350,265.4040,0.0000",716.0260
"Tesla V100-SXM2-32GB",4,2000000000,"0,1,2,3",64,"uint64","zipf",1,500000000,81381,10579.9371,2579.9371,656.0000,7,"80.8030,{(5.2000,4.5340,3.9010,3.2710,2.6450,2.0030,1.3720),(13.8237,12.1084,10.4028,8.6300,6.9180,5.1908,3.4481)},214.5600,256.6630,0.0000,83.8270,{(5.1950,4.5350,3.9120,3.2770,2.6500,2.0030,1.3720),(14.5962,12.1269,10.3796,8.6266,6.9105,5.1817,3.4574)},214.5600,268.1240,0.0000,204.4110,{(5.1770,4.5420,3.9000,3.2780,2.6470,2.0000,1.3670),(13.7974,12.1005,10.3731,8.6272,6.9253,5.1732,3.4499)},214.5600,293.3730,0.0000,211.2230,{(5.1810,4.5360,3.9020,3.2710,2.6460,2.0020,1.3710),(15.3028,12.6125,10.7889,8.9231,7.1699,5.3443,3.5245)},214.5600,302.5740,0.0000",856.8880
"Tesla V100-SXM2-32GB",4,2000000000,"0,1,2,3",64,"uint64","zipf",1,500000000,81381,10579.9371,2579.9371,656.0000,7,"80.8410,{(5.1950,4.5330,3.9010,3.2720,2.6400,1.9970,1.3670),(13.8766,12.1464,10.4023,8.6378,6.9346,5.1965,3.4576)},214.2640,245.9660,0.0000,84.2610,{(5.2120,4.5440,3.9110,3.2820,2.6480,2.0030,1.3730),(14.8417,13.0064,11.1499,9.2429,7.4180,5.5416,3.6327)},214.2640,256.8150,0.0000,204.3540,{(5.1710,4.5300,3.9010,3.2720,2.6390,1.9920,1.3710),(13.8260,12.0934,10.3780,8.6067,6.9100,5.1702,3.4601)},214.2640,296.1290,0.0000,211.2070,{(5.1600,4.5350,3.9040,3.2770,2.6430,2.0030,1.3700),(13.8682,12.1354,10.3823,8.6385,6.9110,5.1743,3.4591)},214.2640,304.8610,0.0000",852.4820
"Tesla V100-SXM2-32GB",4,2000000000,"0,1,2,3",64,"uint64","zipf",1,500000000,81381,10579.9371,2579.9371,656.0000,7,"81.1980,{(5.1970,4.5340,3.9020,3.2780,2.6430,1.9970,1.3670),(13.8411,12.1235,10.3987,8.6062,6.9013,5.1843,3.4500)},214.1090,247.7150,0.0000,84.7370,{(5.1930,4.5380,3.9000,3.2720,2.6420,1.9940,1.3670),(13.8452,12.1126,10.3945,8.6264,6.9171,5.1786,3.4492)},214.1090,262.5030,0.0000,205.5630,{(5.1750,4.5380,3.9030,3.2730,2.6420,1.9920,1.3710),(13.8312,12.0863,10.3864,8.6139,6.9120,5.1650,3.4601)},214.1090,296.1950,0.0000,211.6230,{(5.1700,4.5280,3.9050,3.2770,2.6400,1.9960,1.3700),(13.8149,12.1160,10.4160,8.6262,6.9222,5.1875,3.4509)},214.1090,304.4430,0.0000",858.9000
"Tesla V100-SXM2-32GB",4,2000000000,"0,1,2,3",64,"uint64","zipf",1,500000000,81381,10579.9371,2579.9371,656.0000,7,"80.7640,{(5.2220,4.5330,3.9080,3.2740,2.6440,2.0000,1.3720),(13.8534,12.0916,10.3981,8.6309,6.9058,5.1818,3.4441)},215.9970,246.0200,0.0000,83.7030,{(5.1920,4.5360,3.9060,3.2800,2.6460,1.9990,1.3720),(13.8527,12.1039,10.3937,8.6226,6.9120,5.1860,3.4446)},215.9970,261.3700,0.0000,205.1490,{(5.1730,4.5340,3.9060,3.2740,2.6460,2.0030,1.3740),(13.8843,12.1580,10.4202,8.6303,6.9366,5.1978,3.4683)},215.9970,295.3300,0.0000,211.2390,{(5.1760,4.5250,3.9020,3.2790,2.6440,2.0010,1.3680),(13.8487,12.1324,10.3875,8.6323,6.9181,5.1927,3.4446)},215.9970,303.9980,0.0000",861.5510
"Tesla V100-SXM2-32GB",4,2000000000,"0,1,2,3",64,"uint64","zipf",1,500000000,81381,10579.9371,2579.9371,656.0000,7,"80.9600,{(5.2000,4.5350,3.9020,3.2790,2.6460,2.0000,1.3680),(13.8791,12.1397,10.4006,8.6416,6.9289,5.1973,3.4534)},217.2650,255.9530,0.0000,83.8510,{(5.1960,4.5360,3.9050,3.2730,2.6450,1.9970,1.3720),(14.6211,12.1103,10.3953,8.6346,6.9222,5.1818,3.4556)},217.2650,261.3570,0.0000,205.1990,{(5.1750,4.5340,3.9000,3.2670,2.6420,1.9940,1.3700),(13.8241,12.0934,10.3762,8.6026,6.9222,5.1661,3.4540)},217.2650,294.8690,0.0000,211.5880,{(5.1640,4.5340,3.9030,3.2730,2.6450,2.0040,1.3720),(13.8506,12.1344,10.3844,8.6323,6.9171,5.1732,3.4550)},217.2650,303.0210,0.0000",864.4620
"Tesla V100-SXM2-32GB",4,2000000000,"0,1,2,3",64,"float64","zipf",1,500000000,81381,10579.9371,2579.9371,656.0000,2,"81.1310,{(5.7780,0.2460),(13.1905,2.9084)},218.2830,272.8730,0.0000,84.0100,{(5.1870,0.2460),(13.2833,2.9141)},218.2830,277.2410,0.0000,204.9100,{(5.2130,0.2450),(13.2200,2.9204)},218.2830,297.7100,0.0000,211.2420,{(5.1500,0.2450),(13.2311,2.9132)},218.2830,302.7710,0.0000",768.2190
"Tesla V100-SXM2-32GB",4,2000000000,"0,1,2,3",64,"float64","zipf",1,500000000,81381,10579.9371,2579.9371,656.0000,2,"81.0320,{(5.1910,0.2450),(13.3453,2.8982)},217.8430,270.1970,0.0000,83.9030,{(5.1750,0.2470),(13.3506,2.9079)},217.8430,276.3650,0.0000,205.3600,{(5.2060,0.2480),(13.3243,2.9100)},217.8430,295.9830,0.0000,211.3930,{(5.1540,0.2450),(13.2700,2.9174)},217.8430,300.1600,0.0000",764.0580
"Tesla V100-SXM2-32GB",4,2000000000,"0,1,2,3",64,"float64","zipf",1,500000000,81381,10579.9371,2579.9371,656.0000,2,"80.9600,{(5.1690,0.2470),(13.1791,2.8857)},217.5420,273.4940,0.0000,83.7390,{(5.2010,0.2470),(13.1403,2.9112)},217.5420,277.5010,0.0000,204.6720,{(5.1650,0.2490),(13.2811,2.9225)},217.5420,296.6610,0.0000,211.1330,{(5.1500,0.2460),(13.2424,2.9215)},217.5420,301.3440,0.0000",764.5330
"Tesla V100-SXM2-32GB",4,2000000000,"0,1,2,3",64,"float64","zipf",1,500000000,81381,10579.9371,2579.9371,656.0000,2,"81.1790,{(5.1800,0.2450),(13.2065,2.8940)},220.1150,273.0040,0.0000,84.2330,{(5.1740,0.2480),(13.3277,2.9238)},220.1150,275.3450,0.0000,205.6410,{(5.1640,0.2440),(13.3294,2.9204)},220.1150,296.8700,0.0000,211.5600,{(5.1550,0.2420),(13.2925,2.9235)},220.1150,300.5100,0.0000",767.9710
"Tesla V100-SXM2-32GB",4,2000000000,"0,1,2,3",64,"float64","zipf",1,500000000,81381,10579.9371,2579.9371,656.0000,2,"80.8730,{(5.1970,0.2460),(13.1662,2.8856)},216.6520,271.8170,0.0000,83.5570,{(5.1740,0.2470),(13.3061,2.9145)},216.6520,275.3490,0.0000,205.4840,{(5.2030,0.2480),(13.2024,2.9162)},216.6520,298.8700,0.0000,211.2820,{(5.1540,0.2470),(13.2926,2.9276)},216.6520,302.7470,0.0000",763.9750
